id,source_key,tab_name,station_id,operator,stack_id,date_start,project,aim,cabinet,n_cells,cell_area_cm2,current_ma_cm2,gdl,foam_grid,operation_note,is_informal,migrated_at,notes
c84e6f4c-bd62-4f18-bb7b-8686a8e7d0cf,formal::P-RD-23-110::13/03/2023,r0055,P-RD-23-110,ELGO,P-RD-23-110,13/03/2023,Baseline,Baseline Fumatech,r0055,,480.0,110.0,"No sintered plate in the anode, only meshes",Ti,standard,False,2026-05-12T06:45:10.210567+00:00,
94771ba7-706a-489f-8fcb-e0dd4a755471,formal::RD-23-110::13/03/2023,r0055,RD-23-110,ELGO,RD-23-110,13/03/2023,Baseline,Baseline Fumatech,r0055,,480.0,110.0,"No sintered plate in the anode, only meshes",Ti,standard,False,2026-05-12T06:45:10.363933+00:00,
620e3411-e707-4ba9-84a9-7fc294f05196,formal::r0055_run19,r0055,r0055,RARA,,,,Gas flow reduction - baseline,r0055,,440.0,79.55,,Ti,standard,False,2026-05-12T06:45:10.527146+00:00,
51afba02-8a4a-4445-88cf-a1cc771cdc90,formal::SG2-23-0008::27/03/2023,r0055,SG2-23-0008,RARA,SG2-23-0008,27/03/2023,Temperature effect,Temperature effect on efficiency,r0055,,440.0,79.55,,Ti,standard,False,2026-05-12T06:45:10.693683+00:00,
9e1941f8-2d9a-417d-86e0-7e29ee7bc9b9,formal::SG2-23-0010::31/03/2023,r0055,SG2-23-0010,ELGO,SG2-23-0010,31/03/2023,Temperature effect,Temperature effect on efficiency,r0055,,440.0,79.55,,Ti,standard,False,2026-05-12T06:45:10.854283+00:00,
97aa72b0-40ad-469f-8b16-98d6107ddb87,formal::SG2-23-0018::17/07/2023,r0055,SG2-23-0018,ELGO,SG2-23-0018,17/07/2023,Temperature effect,Temperature effect on efficiency,r0055,,440.0,79.55,,Ti,standard,False,2026-05-12T06:45:11.031541+00:00,
be996453-9b4e-4677-96c6-d1298d3736d1,formal::r0055::08/11/2023,r0055,r0055,ALAR,,08/11/2023,Test,,r0055,,440.0,79.55,,,,False,2026-05-12T06:45:11.192002+00:00,
dcc46736-d0ab-4d92-a34f-4a56c294d66f,formal::r0055::22/11/2023,r0055,r0055,LACH,,22/11/2023,Stack parts validation,,r0055,,440.0,79.55,,,,False,2026-05-12T06:45:11.352763+00:00,
936a948a-47f5-40c3-b374-143cd6784f02,formal::r0055::18/12/2023,r0055,r0055,LACH,,18/12/2023,Stack parts validation,,r0055,,440.0,79.55,,,,False,2026-05-12T06:45:11.519218+00:00,
1f932ccc-0d37-4486-b96f-2abbbae47ab1,formal::r0055::11/01/2024,r0055,r0055,ALAR,,11/01/2024,Idling,,r0055,,440.0,79.55,,,,False,2026-05-12T06:45:11.687608+00:00,
b8dae508-e150-4ce6-bcb4-3824553fda92,formal::r0055::20/12/23,r0055,r0055,LACH,,20/12/23,,1,s0146,,440.0,79.55,H23,Ti,standard,False,2026-05-12T06:45:11.858755+00:00,
77fd9a66-7803-49bc-9a40-03cae57d5c3e,formal::r0055::21/02/2024,r0055,r0055,LACH,,21/02/2024,Stack building optimisation,,r0055,,440.0,79.55,,,,False,2026-05-12T06:45:12.021292+00:00,
443f953e-705e-40a3-818c-f44404e4578c,formal::r0055::20/02/2024,r0055,r0055,PUWI,,20/02/2024,Reactant Temperature Study,,r0055,,440.0,79.55,,,,False,2026-05-12T06:45:12.178516+00:00,
6c611ec4-f2f6-4b03-bfcb-d26cd9137cbf,formal::r0055::08/05/2024,r0055,r0055,PUWI,,08/05/2024,Reactant Temperature Study,,r0055,,440.0,79.55,,,,False,2026-05-12T06:45:12.343945+00:00,
1351b07d-181f-4e15-94c5-cdab51dc0329,formal::r0055::20/06/2024 15:30:00,r0055,r0055,ALAR,,20/06/2024 15:30:00,Idling,,r0055,,440.0,79.55,,,,False,2026-05-12T06:45:12.50569+00:00,
36950480-b3f1-4a19-95d6-07fb9c1bf83a,formal::r0055::06/08/2024 13:00,r0055,r0055,ALAR,,06/08/2024 13:00,Pulsing,,r0055,,440.0,109.09,,,,False,2026-05-12T06:45:12.663995+00:00,
91f02d7a-4107-4515-b1a8-5557bd8614e6,formal::r0055::18/11/2024 13:00,r0055,r0055,ALAR,,18/11/2024 13:00,Pulsing,,r0055,,440.0,109.09,,,,False,2026-05-12T06:45:12.853909+00:00,
0d7fa63d-3e82-4a7e-8b02-8c4cb74ae2f5,formal::r0055::31/03/2025 17:00,r0055,r0055,ALAR,,31/03/2025 17:00,Pulsing,,r0055,,440.0,109.09,,,,False,2026-05-12T06:45:13.052118+00:00,
a7ae41c3-f7bb-4f6d-9106-bcb61ff91a89,formal::r0055::10/04/2025 17:00,r0055,r0055,RARA,,10/04/2025 17:00,Efficiecny decline diagnostics,,r0055,,440.0,109.09,,,,False,2026-05-12T06:45:13.228105+00:00,
0612b5c4-50e3-4633-b408-4e0c1e8d8634,formal::r0055::10/07/2025 15:30,r0055,r0055,ALAR,,10/07/2025 15:30,S doping,,r0055,,440.0,109.09,,,,False,2026-05-12T06:45:13.384452+00:00,
e780a874-994b-4567-a782-cc245d065125,formal::STK-RD-22-006::12/09/2022,r0056,STK-RD-22-006,ELGO,STK-RD-22-006,12/09/2022,Housing validation,validation,r0056,,440.0,110.0,H23,Ti,standard,False,2026-05-12T06:45:13.559762+00:00,
98474974-596e-4de8-bbbd-6565b82a4391,formal::r0056::10/10/2022,r0056,r0056,ELGO,,10/10/2022,Gen2 stack,Gen2 validation,r0056,,440.0,110.0,H23,Ti,standard,False,2026-05-12T06:45:13.73005+00:00,
c1ffa66a-8bff-4339-8224-631a3f2aae9a,informal::r0056_run02,r0056,r0056,,,,Gen2 stack,,r0056,,440.0,110.0,H23,Ti,standard,True,2026-05-12T06:45:13.89712+00:00,
7086cac1-b55b-49d7-ba24-3d6402ab20ca,formal::r0056::18/11/2022,r0056,r0056,ELGO,,18/11/2022,Gen2 stack,Gen2 validation,r0056,,440.0,110.0,H23,Ti,standard,False,2026-05-12T06:45:14.053185+00:00,
e9952de7-d6ab-494b-86d9-60f6c6f00c63,formal::r0056::06/12/2022,r0056,r0056,RARA,,06/12/2022,Gen2 stack,Gen2 validation,r0056,,440.0,80.0,H23,Ti,standard,False,2026-05-12T06:45:14.217279+00:00,
c6fcb395-17d4-4402-8a89-fb6d31dd48bc,formal::r0056::01/02/2023,r0056,r0056,LACH,,01/02/2023,Gen2 stack,NAFION 212 validation,r0056,,440.0,80.0,H23,Ti,standard,False,2026-05-12T06:45:14.387163+00:00,
78d256e5-54be-4106-ba22-70feadb18c4b,formal::r0056::16/02/2023,r0056,r0056,LACH,,16/02/2023,Gen2 stack,Fumatech validation,r0056,,440.0,80.0,H23,Ti,standard,False,2026-05-12T06:45:14.551944+00:00,
6836a2d0-0f82-4b2f-a0a9-e88b21016cc6,formal::r0056::21/03/2023,r0056,r0056,RARA,,21/03/2023,Gen2 stack,Pulsing in a large cell,r0056,,440.0,79.55,H23,Ti,standard,False,2026-05-12T06:45:14.725411+00:00,
f9bd3bdb-1284-406f-b9c8-2d2a68d190b6,formal::r0056::18/04/2023,r0056,r0056,LACH,,18/04/2023,Cathode binder,Fumatech binder in the cathode,r0056,,440.0,79.55,H23,Ti,standard,False,2026-05-12T06:45:14.894793+00:00,
63d7e82c-2bdd-4f16-a9a0-93d1dfb40d33,formal::r0056::22/06/2023,r0056,r0056,LACH,,22/06/2023,,high current,r0056,,440.0,113.64,H23,Ti,standard,False,2026-05-12T06:45:15.065413+00:00,
8a79a7ab-42f0-40ef-8be1-023ea04f557d,formal::r0056::12/09/2023,r0056,r0056,LACH,,12/09/2023,,high current,r0056,,440.0,113.64,H23,Ti,standard,False,2026-05-12T06:45:15.269121+00:00,
cae7a2fe-6f81-4da0-b7bd-cbc9e3ba6bac,formal::SG2-23-0021::02/10/2023,r0056,SG2-23-0021,ALAR,SG2-23-0021,02/10/2023,Idling,21 Idling with CA water flow without O2,r0056,,440.0,113.64,H23,Ti,standard,False,2026-05-12T06:45:15.434592+00:00,
669703f6-dd09-4a8c-8c68-70bffc40e1a6,formal::SG2-23-0029::31/10/2023,r0056,SG2-23-0029,ALAR,SG2-23-0029,31/10/2023,Idling,25. High current activation,r0056,,440.0,113.64,H23,Ti,standard,False,2026-05-12T06:45:15.61868+00:00,
da061fd2-ac6e-4e63-9224-6ffe1e5fa0df,formal::SG2-23-0031::03/11/2023,r0056,SG2-23-0031,ALAR,SG2-23-0031,03/11/2023,Idling,26. 100 h activation,r0056,,440.0,113.64,H23,Ti,standard,False,2026-05-12T06:45:15.780782+00:00,
2435e7cc-65f1-4c57-b3a6-4402cd12b400,formal::SG2-23-0037::11/11/2023,r0056,SG2-23-0037,ALAR,SG2-23-0037,11/11/2023,Idling,27. high current activation,r0056,,440.0,113.64,H23,Ti,standard,False,2026-05-12T06:45:15.945236+00:00,
b309d0c3-dd22-403a-a8ea-7e7dddefae12,formal::SG2-23-0043::12/11/2023,r0056,SG2-23-0043,ALAR,SG2-23-0043,12/11/2023,Idling,27. 100+ h activation,r0056,,440.0,113.64,H23,Ti,standard,False,2026-05-12T06:45:16.104172+00:00,
f9df67e1-4c49-4d74-981d-d8af57e2e35f,formal::r0056::02/01/2024,r0056,r0056,LACH,,02/01/2024,Stack parts validation,Ti foil validation,r0056,,440.0,113.64,H23,Ti,standard,False,2026-05-12T06:45:16.267797+00:00,
924fd253-c828-4bd1-9986-1e44f5ed681c,formal::r0056::13/02/2024,r0056,r0056,LACH,,13/02/2024,Half Ir loading,half Ir loading (45% IrO2),r0056,,440.0,79.55,H23,Ti,standard,False,2026-05-12T06:45:16.443302+00:00,
c44095de-bb83-48d7-ac22-986ea79a4ea8,formal::r0056::05/03/2024,r0056,r0056,LACH,,05/03/2024,Components validation,MEA Nafion batch validation,r0056,,440.0,79.55,H23,Ti,standard,False,2026-05-12T06:45:16.605466+00:00,
0b4fc16b-ed39-4ae6-9aa9-2d18969f843e,formal::SG2-24-0055::15/05/2024 16:00:00,r0056,SG2-24-0055,PUWI,SG2-24-0055,15/05/2024 16:00:00,Edge seal test,Edge seal validation,r0056,,440.0,79.55,H23,Ti,standard,False,2026-05-12T06:45:16.781629+00:00,
e8bd4d29-831a-4eba-ad34-cb246a907313,formal::SG2-P-24-0076::04/07/2024 16:00,r0056,SG2-P-24-0076,LACH,SG2-P-24-0076,04/07/2024 16:00,,Low pressure  drop sint. plates validation,r0056,,440.0,79.55,H23,Ti,standard,False,2026-05-12T06:45:16.937472+00:00,
3bb5d519-ee5a-49bc-9971-10ff6047eb36,formal::r0056::04/07/2024 16:00,r0056,r0056,,,04/07/2024 16:00,,,r0056,,440.0,79.55,H23,Ti,standard,False,2026-05-12T06:45:17.093513+00:00,
28d2e179-ee93-41bb-b966-f244db84cdf4,formal::SG2-24-0090::26/08/2024,r0056,SG2-24-0090,RARA,SG2-24-0090,26/08/2024,Long term testing,Rubber band effect + std flooding vs pressure flooding,r0056,,440.0,79.55,H23,Ti,standard,False,2026-05-12T06:45:17.251183+00:00,
accb2c87-312b-42f7-b276-ed46d90f48ce,formal::r0056::26/09/2024 13:00,r0056,r0056,RARA,,26/09/2024 13:00,Pulsing,4.5P 30 min ON : 25 s OFF focus 0.6 mL/s per cell,r0056,,440.0,79.55,H23,Ti,standard,False,2026-05-12T06:45:17.428502+00:00,
7444a811-0490-4b9d-a8bb-6c3aa429d8e8,formal::r0056::22/11/2024 10:30,r0056,r0056,LACH,,22/11/2024 10:30,Pulsing,,r0056,,440.0,79.55,H23,Ti,standard,False,2026-05-12T06:45:17.59013+00:00,
1fd2be1c-77f0-48c4-afcd-da7a4fddbc85,formal::SG2-25-14::19/03/2025 14:00,r0056,SG2-25-14,PUWI,SG2-25-14,19/03/2025 14:00,,MEA frame v3 test,r0056,,440.0,79.55,H23,Ti,standard,False,2026-05-12T06:45:17.747828+00:00,
17103c62-2116-4c7d-aa17-c6f0b75a7e63,formal::SG2-25-xx::25/03/2025 17:00,r0056,SG2-25-xx,RARA,SG2-25-xx,25/03/2025 17:00,Stack build improvements,New rubber parts with inserts,r0056,,440.0,79.55,H23,Ti,standard,False,2026-05-12T06:45:17.904153+00:00,
fdbcc668-2e14-4f1e-b3fa-a67e89bde3be,formal::SG2-25-63::06/05/2025 19:30,r0056,SG2-25-63,PUWI,SG2-25-63,06/05/2025 19:30,Stack build improvements,"Cleaned Meshes, CC, gaskets. Sonicated inserts",r0056,,440.0,79.55,H23,Ti,standard,False,2026-05-12T06:45:18.076353+00:00,
b7412516-48fe-448d-818a-900081f43ea0,"formal::SG2-25-63::03/06/2025, 14:00",r0056,SG2-25-63,,SG2-25-63,"03/06/2025, 14:00",,rebeuild SG2-25-63 withnew MEA,r0056,,440.0,79.55,H23,Ti,standard,False,2026-05-12T06:45:18.256238+00:00,
97171139-a9e4-422b-8f64-73ee912bfdf6,formal::SG2-25-63::11/06/2025 15:00,r0056,SG2-25-63,,SG2-25-63,11/06/2025 15:00,,rebeuild SG2-25-63 withnew MEA and not clean meshes,r0056,,440.0,79.55,H23,Ti,standard,False,2026-05-12T06:45:18.426272+00:00,
6d7db29c-a8b0-4013-ab5c-e373e83d21f5,formal::SG2-25-101::14/07/2025 11:00,r0056,SG2-25-101,PUWI,SG2-25-101,14/07/2025 11:00,,All cleaned parts IG100 sonicated,r0056,,440.0,79.55,H23,Ti,standard,False,2026-05-12T06:45:18.589992+00:00,
e3aa08ac-8500-4407-bec4-18915749a5bd,formal::SG2-25-108::06/08/2025 14:00,r0056,SG2-25-108,PUWI,SG2-25-108,06/08/2025 14:00,,All cleaned parts IG100 sonicated V24.4 gasket,r0056,,440.0,79.55,H23,Ti,standard,False,2026-05-12T06:45:18.753198+00:00,
26f50169-ca09-4b79-ab53-7fa221efe028,formal::SG2-25-116::15/09/2025 15:00,r0056,SG2-25-116,LACH,SG2-25-116,15/09/2025 15:00,,12 PTFE stripes,r0057,,440.0,79.55,H23,Ti,standard,False,2026-05-12T06:45:18.916645+00:00,
470d2738-0813-4207-ad1a-0e5e462f9005,formal::SG2-25-118::19/09/2025 08:30,r0056,SG2-25-118,PUWI,SG2-25-118,19/09/2025 08:30,,Superclean IG100 plate- on demand cathode pump test,r0056,,440.0,79.55,H23,Ti,standard,False,2026-05-12T06:45:19.080785+00:00,
416d4a47-a0eb-4a32-80b5-f9ed0a0a1d8c,formal::SG2-25-139::25/11/2025 17:00,r0056,SG2-25-139,PUWI,SG2-25-139,25/11/2025 17:00,,MEA frame efficiency run 2.0,r0056,,440.0,79.55,H23,Ti,standard,False,2026-05-12T06:45:19.421916+00:00,
893644fd-8b7b-437c-b1ba-8811013c6739,formal::SG2-25-6::04/02/2026 14:00,r0056,SG2-25-6,LACH,SG2-25-6,04/02/2026 14:00,GDE,12 PTFE stripes,r0056,,440.0,79.55,H23,Ti,standard,False,2026-05-12T06:45:19.61648+00:00,
28d866ef-9813-4c53-958b-0a22604ae1d7,formal::r0057::17/05/2022,r0057,r0057,POMO,,17/05/2022,Corroded Ti,Evaluate the performance of corroded Ti,r0057,,480.0,110.0,H23,Ti,standard,False,2026-05-12T06:45:19.794719+00:00,
045f0053-60e0-4548-900d-c45ca48c7c5c,formal::r0057::22/02/2023,r0057,r0057,POMO,,22/02/2023,Non-hot-pressed coated Ti Felt,Hot-pressed cathode with non-hot-pressed coated Ti felt,r0057,,440.0,79.55,H23,Ti,standard,False,2026-05-12T06:45:20.065919+00:00,
d78beca3-e31e-49b0-a63d-fd472912afc6,formal::r0057::18/04/2023,r0057,r0057,LACH,,18/04/2023,Half Ir loading,Half Ir loading 14 layers,r0057,,440.0,110.0,H23,Ti,standard,False,2026-05-12T06:45:20.23932+00:00,
2d7a78fa-ee1c-4e26-bb95-b304cbfba506,formal::r0057::10/05/2023,r0057,r0057,LACH,,10/05/2023,,not hot pressed coated Ti felt,r0057,,440.0,110.0,H23,Ti,standard,False,2026-05-12T06:45:20.402123+00:00,
c188c350-a5a6-4161-bfd5-7037e2cd90ba,formal::r0057::16/05/2023,r0057,r0057,LACH,,16/05/2023,Idling,run for 400 h at high concentration before idling,r0057,,440.0,79.55,H23,Ti,standard,False,2026-05-12T06:45:20.563849+00:00,
97469000-128c-4ab6-bff2-dddbb2054563,formal::r0057::26/07/2023,r0057,r0057,LACH,,26/07/2023,Idling,validation of the new fumatech,r0057,,440.0,79.55,H23,Ti,standard,False,2026-05-12T06:45:20.892+00:00,
46e18b8b-58a3-4a2b-a289-e9ba60f4bca5,formal::r0057::17/10/2023,r0057,r0057,LACH,,17/10/2023,,Chinese Ti felt,r0057,,440.0,79.55,H23,Ti,standard,False,2026-05-12T06:45:21.062258+00:00,
eb2b460c-dde6-4b41-a4ea-c6849e7fb3a5,formal::r0057::23/10/2023,r0057,r0057,LACH,,23/10/2023,,half Ir,r0057,,440.0,79.55,H23,Ti,standard,False,2026-05-12T06:45:21.232935+00:00,
213fe5cc-f166-4b32-ba39-88da2ccaaa68,formal::r0057::21/12/2023,r0057,r0057,ALAR,,21/12/2023,Idling,"29. 900 activation (part2, reactivation)",r0057,,440.0,79.55,H23,Ti,standard,False,2026-05-12T06:45:21.404005+00:00,
fb12f736-6793-4c2b-b3db-23c0781283d5,formal::SG2-24-0003::15/1/2024,r0057,SG2-24-0003,ALAR,SG2-24-0003,15/1/2024,Idling,27.2 High Current activation (rep),r0057,,440.0,79.55,,,standard,False,2026-05-12T06:45:21.576286+00:00,
76bb8e93-e7da-45ca-876c-fc8bac26e355,formal::SG2-24-0010::30/1/2024,r0057,SG2-24-0010,ALAR,SG2-24-0010,30/1/2024,Idling,27.2 High Current activation (rep),r0057,,440.0,79.55,,,standard,False,2026-05-12T06:45:21.736925+00:00,
975c4594-0ebd-4c83-90c7-4259309f3f81,formal::SG2-24-0027::1/3/2024,r0057,SG2-24-0027,ALAR,SG2-24-0027,1/3/2024,Idling,27.2 High Current activation (rep),r0057,,440.0,79.55,,,standard,False,2026-05-12T06:45:21.893455+00:00,
f3eb654c-ab81-474b-b05e-2ce555191429,formal::SG2-24-0034::19/3/2024,r0057,SG2-24-0034,ALAR,SG2-24-0034,19/3/2024,Pulsing,Baseline,r0057,,440.0,79.55,,,Standard,False,2026-05-12T06:45:22.053862+00:00,
8ff4d957-79c7-48a7-bd68-2311194c3e94,formal::SG2-24-0043::15/04/2024 10:00:00,r0057,SG2-24-0043,ALAR,SG2-24-0043,15/04/2024 10:00:00,Idling,6.2  Aggresive flushing,r0057,,440.0,79.55,,,Standard,False,2026-05-12T06:45:22.214163+00:00,
428bdbb9-f947-4689-beae-8a2c3097a157,formal::SG2-25-85::25/06/2025 13:00,r0057,SG2-25-85,LACH,SG2-25-85,25/06/2025 13:00,,,r0057,,440.0,79.55,H23,Ti,standard,False,2026-05-12T06:45:22.379521+00:00,
3d314f5a-6a5e-457a-b450-6594beec65a7,formal::SG2-25-140::26/11/2025 09:30,r0057,SG2-25-140,RARA,SG2-25-140,26/11/2025 09:30,C plate,7,r0057,,440.0,79.55,,,,False,2026-05-12T06:45:22.553767+00:00,
23fe3d4d-5483-47d7-a464-4f91d7ef631e,formal::SG2-25-141::17/12/2025 12:00,r0057,SG2-25-141,RARA,SG2-25-141,17/12/2025 12:00,C plate,7,r0057,,440.0,79.55,,,,False,2026-05-12T06:45:22.719992+00:00,
523ca2ea-351b-4df5-8a27-f9d60f6c80b4,formal::SG2-26-5::03/02/2026 15:00,r0057,SG2-26-5,LACH,SG2-26-5,03/02/2026 15:00,C plate,7,r0057,,440.0,79.55,,,,False,2026-05-12T06:45:22.883538+00:00,
5121dadc-5b3f-4add-b304-f3497fd83cab,formal::SG2-26-13::12/03/2026 16:00,r0057,SG2-26-13,LACH,SG2-26-13,12/03/2026 16:00,C plate,1,r0057,,440.0,79.55,,,,False,2026-05-12T06:45:23.04952+00:00,
2abcd37e-e49a-4868-8402-76d62f1e55fc,formal::r0058::28/07/2022,r0058,r0058,ELGO,,28/07/2022,Gen2 single cell,"Gen2 gasket materials, soft silicon 30T",r0058,,440.0,110.0,H23,Ti,standard,False,2026-05-12T06:45:23.210665+00:00,
4fb70c5c-dce7-4223-940d-28b221c9c87a,formal::r0058::13/12/2022,r0058,r0058,LACH,,13/12/2022,naf 212 validation,naf 212 validation,r0058,,440.0,110.0,H23,Ti,standard,False,2026-05-12T06:45:23.428742+00:00,
b8b8f96d-57a4-4e1c-8eca-70d083b544bd,formal::r0058::01/02/2023,r0058,r0058,RARA,,01/02/2023,High concenrtration test. Gen 2 type.,High concenrtration test. Naf 115 with start stops.,r0058,,440.0,110.0,H23,Ti,standard,False,2026-05-12T06:45:23.589597+00:00,
c2994ad7-190a-4377-a567-856e1393dff3,formal::r0058::15/02/2023,r0058,r0058,LACH,,15/02/2023,High concenrtration test. Gen 2 type.,High concenrtration test. Naf 212 with start stops.,r0058,,440.0,110.0,H23,Ti,standard,False,2026-05-12T06:45:23.758923+00:00,
8ec6c22f-614f-4439-981c-76e8337cb061,formal::r0058::28/02/2023,r0058,r0058,ELGO/LACH,,28/02/2023,Single cell,For Miele,r0058,,440.0,110.0,H23,Ti,standard,False,2026-05-12T06:45:23.936998+00:00,
7ecf9928-1e54-46c6-8d0c-dd9251a9b04b,formal::r0058::07/03/2023,r0058,r0058,ELGO,,07/03/2023,Fumatech,"Ir sprayed on Ti felt not h-p, cathode GDE h-p, Fumatech",r0058,,440.0,79.55,H23,Ti,standard,False,2026-05-12T06:45:24.099164+00:00,
97237193-83f7-414c-8dd6-4ba6481c244d,formal::r0058::29/03/2023,r0058,r0058,ELGO,,29/03/2023,Single cells,std,r0058,,440.0,79.55,H23,Ti,standard,False,2026-05-12T06:45:24.268666+00:00,
e2cb1f1c-5a24-494d-b274-e1d25f4b3c54,formal::r0058::21/04/2023,r0058,r0058,ELGO,,21/04/2023,Idling+transport in air and truck,Second Miele cell,r0058,,440.0,79.55,H23,Ti,standard,False,2026-05-12T06:45:24.439621+00:00,
62477816-44bc-4279-8d61-d0e964ba3458,formal::MEA-P-23-183 (fumatech)::11/05/2023,r0058,MEA-P-23-183 (fumatech),ELGO,MEA-P-23-183 (fumatech),11/05/2023,Idling+transport in air and truck,freezing,r0058,,440.0,79.55,H23,Ti,standard,False,2026-05-12T06:45:24.608515+00:00,
99c631e2-b9ce-401b-b61b-d52cc77a3110,formal::MEA-P-23-204 (fumatech)::24/05/2023,r0058,MEA-P-23-204 (fumatech),ELGO,MEA-P-23-204 (fumatech),24/05/2023,Idling+transport in air and truck,freezing,r0058,,440.0,79.55,H23,Ti,standard,False,2026-05-12T06:45:24.770023+00:00,
79826534-ec95-4d88-8a1f-825d6dea4e2f,formal::MEA-P-23-225::01/06/2023,r0058,MEA-P-23-225,ELGO,MEA-P-23-225,01/06/2023,idling,idling #6 aggressive flushing,r0058,,440.0,79.55,H23,Ti,standard,False,2026-05-12T06:45:24.931192+00:00,
26695b26-73f9-45f7-93ab-fb0c5f3db8cb,formal::r0058::07/06/2023,r0058,r0058,ELGO,,07/06/2023,idling,idling #7 long activation,r0058,,440.0,79.55,H23,Ti,standard,False,2026-05-12T06:45:25.09032+00:00,
f567ad4b-c44d-464e-9396-b2a7db03b345,formal::r0058::20/06/2023,r0058,r0058,ELGO,,20/06/2023,idling,idling #7 long activation repetition,r0058,,440.0,79.55,H23,Ti,standard,False,2026-05-12T06:45:25.251007+00:00,
6c7baa5b-0284-4a29-b9f4-ee44a94f01a9,formal::r0058::28/06/2023,r0058,r0058,ELGO,,28/06/2023,idling,idling #16,r0058,,440.0,79.55,H23,Ti,standard,False,2026-05-12T06:45:25.410909+00:00,
b6e54c0f-0b41-446d-b32a-ed4d6622e65b,formal::r0058::06/07/2023,r0058,r0058,ELGO,,06/07/2023,idling,idling #16,r0058,,440.0,79.55,H23,Ti,standard,False,2026-05-12T06:45:25.572163+00:00,
9628f8dd-70e8-4c55-a03b-712ef36898de,formal::r0058::18/07/2023,r0058,r0058,ELGO,,18/07/2023,idling,"#15 water in the cathode, anode dry",r0058,,440.0,79.55,H23,Ti,standard,False,2026-05-12T06:45:25.729615+00:00,
eccdc883-3977-4726-abf7-cb49f30cfc13,formal::r0058::03/08/2023,r0058,r0058,ELGO,,03/08/2023,Idling,,r0058,,440.0,79.55,H23,Ti,standard,False,2026-05-12T06:45:25.890294+00:00,
052efc62-8256-484a-a8c9-765f73581520,formal::SG2-23-0023::05/10/2023,r0058,SG2-23-0023,ALAR,SG2-23-0023,05/10/2023,Idling,23. Idling for 6 days,r0058,,440.0,79.55,H23,Ti,standard,False,2026-05-12T06:45:26.048986+00:00,
68ba6e3a-ccbe-40b9-a0ab-a332c6824f3b,formal::r0058::23/10/2023,r0058,r0058,LACH,,23/10/2023,Idling,"New meshes, Ti foil, rubber inserts",r0058,,440.0,79.55,H23,Ti,standard,False,2026-05-12T06:45:26.213156+00:00,
1518acd1-cde5-4daf-a60b-aa67a43b1e9f,formal::r0058::26/10/2023,r0058,r0058,LACH,,26/10/2023,Idling,"New meshes, old Ti felt, old inserts",r0058,,440.0,79.55,H23,Ti,standard,False,2026-05-12T06:45:26.372223+00:00,
307d50d2-a4f6-46f7-a656-e3e54b3ade03,formal::SG2-24-0033::19/03/2024,r0058,SG2-24-0033,ALAR,SG2-24-0033,19/03/2024,Pulsing,,r0058,,440.0,79.55,,,30 min : 3 s,False,2026-05-12T06:45:26.709988+00:00,
0ec40aa3-8898-4e3b-8f1c-7bd2f61f5f27,formal::SG2-24-00::04/04/2024,r0058,SG2-24-00,ALAR,SG2-24-00,04/04/2024,Transport,26.3/ 100 + reactivation / 30. Freezing the cell before activation,r0058,,440.0,79.55,,,Standard,False,2026-05-12T06:45:26.868657+00:00,
97b4ef6b-30da-4015-abca-457538ad79e7,formal::SG2-24-0054::14/05/2024 17:00:00,r0058,SG2-24-0054,PUWI,SG2-24-0054,14/05/2024 17:00:00,,Control single cell 15.1mm spacing,r0058,,440.0,79.55,,,Standard,False,2026-05-12T06:45:27.041276+00:00,
592a75c7-3afc-4efe-8519-3b0444edfcab,formal::r0059::20/10/2022,r0059,r0059,ELGO,,20/10/2022,Gen2,Gen2,r0059,,440.0,110.0,H23,Ti,standard,False,2026-05-12T06:45:27.214157+00:00,
f0075e3a-7632-4cba-8597-7ddea97fc4dd,informal::r0059_run01,r0059,r0059,,,,Gen2,,r0059,,440.0,110.0,H23,Ti,standard,True,2026-05-12T06:45:27.371657+00:00,
9d7bff37-d5a0-4472-800b-62e913539cef,informal::r0059_run02,r0059,r0059,,,,Gen2,,r0059,,440.0,110.0,H23,Ti,standard,True,2026-05-12T06:45:27.525891+00:00,
9b9893c7-07e4-484b-8e6d-16d10a8a77a4,formal::SG2-22-0004::12/12/2022,r0059,SG2-22-0004,ELGO,SG2-22-0004,12/12/2022,Gen2,Gen2,r0059,,440.0,110.0,H23,Ti,standard,False,2026-05-12T06:45:27.685887+00:00,
160862db-0a5b-48cb-af3d-b8743137860c,formal::SG2-23-0001::10/01/23,r0059,SG2-23-0001,RARA,SG2-23-0001,10/01/23,Gen2,Gen2,r0059,,440.0,110.0,H23,Ti,standard,False,2026-05-12T06:45:27.847754+00:00,
c865de41-d806-4d94-9c1b-d55b0ac7ecc6,formal::r0059::24/02/23,r0059,r0059,ELGO,,24/02/23,Gen2,,r0059,,440.0,110.0,H23,Ti,standard,False,2026-05-12T06:45:28.011165+00:00,
752c3067-d4f7-49b6-a2f1-f30321a0f745,formal::r0059::01/03/23,r0059,r0059,RARA,,01/03/23,Gen2,9 cell stack test,r0059,,440.0,79.55,H23,Ti,standard,False,2026-05-12T06:45:28.176747+00:00,
055211a4-5fc6-40c4-aa64-e7d229254bf4,formal::SG2-23-0012::11/05/23,r0059,SG2-23-0012,ELGO,SG2-23-0012,11/05/23,Gen2,9 cell stack test,r0059,,440.0,79.55,H23,Ti,standard,False,2026-05-12T06:45:28.351527+00:00,
d867fc44-241b-4be5-8b1f-0d2c1bfb0458,informal::r0059_run08,r0059,r0059,,,,RM stack,,r0059,,440.0,79.55,H23,Ti,standard,True,2026-05-12T06:45:28.527409+00:00,
28c4a2a2-60d1-482a-93c2-72bfa07129a6,informal::r0059_run09,r0059,r0059,,,,RM stack,,r0059,,440.0,79.55,H23,Ti,standard,True,2026-05-12T06:45:28.697816+00:00,
616dff10-ca6e-474c-bc3a-868ff4d9c4ec,formal::r0059::24/08/23,r0059,r0059,ELGO,,24/08/23,Idling,Idling #6c2 reactivation (4h flushing),r0059,,440.0,79.55,H23,Ti,standard,False,2026-05-12T06:45:28.859105+00:00,
5b709a97-03cf-4789-80d9-9a6e5484059d,formal::r0059::30/08/23,r0059,r0059,ELGO,,30/08/23,Idling,Idling #6f flushing without O2,r0059,,440.0,79.55,H23,Ti,standard,False,2026-05-12T06:45:29.020386+00:00,
56469348-c40b-4b4d-8213-0f7e83e97dfd,informal::r0059_run12,r0059,r0059,,,,Idling,,r0059,,440.0,79.55,H23,Ti,standard,True,2026-05-12T06:45:29.206325+00:00,
300f4bca-c28e-4359-b9dd-1cfcff9c55c6,formal::SG2-23-0022::04/10/23,r0059,SG2-23-0022,ALAR,SG2-23-0022,04/10/23,Idling,22. Idling for 4 days,r0059,,440.0,79.55,H23,Ti,standard,False,2026-05-12T06:45:29.369138+00:00,
bc93224c-73cf-4425-8165-b34b48de9a37,formal::SG2-23-0026::18/10/23,r0059,SG2-23-0026,ALAR,SG2-23-0026,18/10/23,Idling,24.2 Idling for 2 days,r0059,,440.0,79.55,H23,Ti,standard,False,2026-05-12T06:45:29.53098+00:00,
936ecbbd-59fe-4bff-9ddb-73e45cbbbbb4,formal::SG2-23-0027::02/11/23,r0059,SG2-23-0027,RARA,SG2-23-0027,02/11/23,Stack performance,"Low efficieny diagnostics - std production components, fumatech (100) MEA and rubber inserts",r0059,,440.0,79.55,H23,Ti,standard,False,2026-05-12T06:45:29.694153+00:00,
08e455f9-8088-4e38-a670-4e86598ed0bb,formal::SG2-23-0024::11/12/23,r0059,SG2-23-0024,RARA,SG2-23-0024,11/12/23,Stack performance,Test MEA with 0.151 A,r0059,,440.0,79.55,H23,Ti,standard,False,2026-05-12T06:45:29.87901+00:00,
330f9be6-83a1-4da0-99b5-f9cb5c8fa80a,formal::SG2-24-0013::02/12/24,r0059,SG2-24-0013,PUWI,SG2-24-0013,02/12/24,Stack parts validation,Wavy mesh on anode test,r0059,,440.0,79.55,H23,Ti,standard,False,2026-05-12T06:45:30.042544+00:00,
74031349-519c-420d-b44b-8933a278d89f,formal::SG2-24-0025::23/02/24,r0059,SG2-24-0025,RARA,SG2-24-0025,23/02/24,Stack parts validation,Wavy Ti foil instead of felt,r0059,,440.0,79.55,H23,Ti,standard,False,2026-05-12T06:45:30.203709+00:00,
2b4732ea-6501-457c-9de3-bc90bf25fd51,formal::SG2-24-0037::27/03/24,r0059,SG2-24-0037,ALAR,SG2-24-0037,27/03/24,Pulsing,30 min . 10 s,r0059,,440.0,79.55,H23,Ti,Pulsing,False,2026-05-12T06:45:30.372758+00:00,
62deab96-edb4-4d92-9275-a4c06d1f1b27,formal::SG2-24-0044::12/04/24,r0059,SG2-24-0044,ALAR,SG2-24-0044,12/04/24,Pulsing,30 min . 10 s,r0059,,440.0,79.55,H23,Ti,Pulsing,False,2026-05-12T06:45:30.537613+00:00,
ae1ea9e1-1413-4434-a399-e33b071cd74a,formal::SG2-24-0056::23/05/24,r0059,SG2-24-0056,ALAR,SG2-24-0056,23/05/24,Pulsing,30 min . 3 s at 48 A,r0059,,440.0,109.0909091,H23,Ti,Pulsing,False,2026-05-12T06:45:30.702746+00:00,
98e20a8f-e890-4476-a357-4f8b4e9301b4,formal::SG2-24-0072::28/06/2024 15:00,r0059,SG2-24-0072,ALAR,SG2-24-0072,28/06/2024 15:00,Pulsing,4.P 30 min : 25 s at 48 A,r0059,,440.0,109.0909091,H23,Ti,Pulsing,False,2026-05-12T06:45:30.870179+00:00,
26252f00-3264-4869-9cd8-ad5edd92f4ce,formal::r0059::06/08/2024 13:00,r0059,r0059,ALAR,,06/08/2024 13:00,Pulsing,,r0059,,440.0,102.2727273,,,,False,2026-05-12T06:45:31.036724+00:00,
28d9842b-025c-4572-a620-8a498838d31c,formal::r0059::10/09/2024 12:00,r0059,r0059,ALAR,,10/09/2024 12:00,Pulsing,,r0059,,440.0,109.0909091,,,,False,2026-05-12T06:45:31.212194+00:00,
6cbd6530-5fa3-4ba0-a6a6-e47aab874a7c,formal::r0059::28/10/2024 14:00,r0059,r0059,ALAR,,28/10/2024 14:00,Pulsing,,r0059,,440.0,109.0909091,,,,False,2026-05-12T06:45:31.392682+00:00,
f88c4455-dece-40aa-b863-56d17accb81b,formal::r0059::15/01/2025 15:00,r0059,r0059,ALAR,,15/01/2025 15:00,Validation,,r0059,,440.0,79.54545455,,,,False,2026-05-12T06:45:31.565684+00:00,
7c08302e-4ebc-48b4-aa71-d6ca45b7bbcc,formal::r0059::24/03/2025 17:00,r0059,r0059,RARA,,24/03/2025 17:00,S doped C/Compression project,,r0059,,440.0,79.54545455,,,,False,2026-05-12T06:45:31.750499+00:00,
764c9f80-bdbc-4872-a703-5d3ad8351b67,formal::r0059::26/03/2025 16:00,r0059,r0059,RARA,,26/03/2025 16:00,S doped C/Compression project,,r0059,,440.0,79.54545455,,,,False,2026-05-12T06:45:31.917131+00:00,
d3f3e840-f2c0-423c-8b23-0afd65f3ea0d,formal::r0059::15/04/2025 12:30,r0059,r0059,ALAR,,15/04/2025 12:30,S doped C/Compression project,,r0059,,440.0,79.54545455,,,,False,2026-05-12T06:45:32.077976+00:00,
b5c6dcc8-f12f-4483-8b31-143cfa8519dc,formal::r0059::11/09/2025 15:30,r0059,r0059,ALAR,,11/09/2025 15:30,Pulsing / C plate,,r0059,,440.0,79.54545455,,,,False,2026-05-12T06:45:32.237153+00:00,
f5c8a8ba-43fc-4332-b3dc-aedd5f6ed08d,formal::R0059 1ST CELL_run00,R0059 1ST CELL,R0059 1ST CELL,,,,,,,,7.29,137.0,,,,False,2026-05-12T06:45:32.411351+00:00,
be5ff6ae-4199-4b39-9ffe-bd0f7d87befe,formal::r0060::01/02/23,r0060,r0060,LACH,,01/02/23,Gen2,half Ir,r0060,,440.0,79.55,H23,Ti,,False,2026-05-12T06:45:32.576836+00:00,
14106508-1763-4809-9bd1-92a741ba8291,formal::r0060_run02,r0060,r0060,RARA,,,Stack QC,Stack QC,r0060,,440.0,79.55,H23,Ti,,False,2026-05-12T06:45:32.929983+00:00,
0a672c7b-e687-4bc4-a75c-3ae5e4850a79,formal::r0060_run03,r0060,SG2-23-0011,ELGO,SG2-23-0011,,Stack QC,Stack QC,r0060,,440.0,79.55,H23,Ti,,False,2026-05-12T06:45:33.088243+00:00,
5d349f1e-1a3f-4702-8b1d-163fa47513eb,formal::r0060::01/05/23,r0060,r0060,RARA,,01/05/23,Idling study,Idling study without anode sintered Ti plate and water,r0060,,440.0,79.55,H23,Ti,,False,2026-05-12T06:45:33.255138+00:00,
6546cacf-e70d-4998-a076-8d6b82dcf7d8,formal::MEA-P-23-173::08/05/23,r0060,MEA-P-23-173,ELGO,MEA-P-23-173,08/05/23,Idling study,idling and transport,r0060,,440.0,79.55,H23,Ti,,False,2026-05-12T06:45:33.41134+00:00,
f27f1450-5f1f-488b-b73f-b98fbcdaab15,formal::r0060::17/05/23,r0060,r0060,LACH,,17/05/23,Half Ir loading,"Half Ir, 3 cell stack",r0060,,440.0,79.55,H23,Ti,,False,2026-05-12T06:45:33.572331+00:00,
d6ed884e-cb15-4397-a8e6-a6e419fe9a95,formal::SG2-23-0013::27/07/23,r0060,SG2-23-0013,LACH,SG2-23-0013,27/07/23,Half Ir loading,"Half Ir, 3 cell stack repeat",r0060,,440.0,79.55,H23,Ti,,False,2026-05-12T06:45:33.755326+00:00,
6d3c77af-985a-4569-bdee-ca417f5bdb53,formal::r0060::29/09/23,r0060,r0060,LACH,,29/09/23,Half Ir loading,"Half Ir, 3 cell stack 2nd repeat",r0060,,440.0,79.55,H23,Ti,,False,2026-05-12T06:45:33.930031+00:00,
358c45d7-08a6-4fb4-a67a-8c2808cff649,formal::SG2.0-P-23-0032::02/11/23,r0060,SG2.0-P-23-0032,LACH,SG2.0-P-23-0032,02/11/23,Stack performance,"Low efficiency diagnostics - std production components, fumatech (100) MEA and 3D Printed inserts",r0060,,440.0,79.55,H23,Ti,,False,2026-05-12T06:45:34.099945+00:00,
283c54eb-c0ee-4b21-a86d-991866b1bbe1,formal::r0060::20/11/23,r0060,r0060,LACH,,20/11/23,Stack parts validation,Ti meshes from Italfim,r0060,,440.0,79.55,H23,Ti,,False,2026-05-12T06:45:34.264281+00:00,
61fb0cc7-885f-4f5b-b7a1-aa6d37aa57e5,formal::SG2-23-0039::01/12/23,r0060,SG2-23-0039,ALAR,SG2-23-0039,01/12/23,Stack parts validation,Ti meshes from Italfim,r0060,,440.0,79.55,H23,Ti,standard,False,2026-05-12T06:45:34.423663+00:00,
5855e96b-e55f-4220-95dd-ab7f9ea30abc,formal::r0060::10/04/2024,r0060,r0060,RARA,,10/04/2024,Long term testing,Standard 7 cell stack testing - 1 %,r0066,,440.0,79.55,H23,Ti,,False,2026-05-12T06:45:34.586729+00:00,
8e3b4abe-1259-43d6-9aef-7fc7463b1599,formal::SG2-24-0062::03/06/2024 08:30:00,r0060,SG2-24-0062,ALAR,SG2-24-0062,03/06/2024 08:30:00,Idling,31.2 200 h act + aggresive flushing,r0060,,440.0,79.55,H23,Ti,standard,False,2026-05-12T06:45:34.773337+00:00,
3293a7e3-b488-4d9b-9f93-bbd70e828af5,formal::SG2-24-0062::16/07/2024 16:00,r0060,SG2-24-0062,LACH,SG2-24-0062,16/07/2024 16:00,Idling,to test if wet sintered plates give even voltage split,r0060,,440.0,79.55,H23,Ti,standard,False,2026-05-12T06:45:34.938143+00:00,
69b3b7c2-7d6b-43be-bb66-13d0bc70748a,formal::r0060::26/09/2024 13:00,r0060,r0060,RARA,,26/09/2024 13:00,Stack build improvements,Compliant layer 0.75 mm + 2.6 mm gas mesh - Ca side,r0060,,440.0,79.55,H23,Ti,standard,False,2026-05-12T06:45:35.120241+00:00,
c4eb18ae-4386-4a87-9069-21851bcd023b,formal::r0060::11/10/2024,r0060,r0060,LACH,,11/10/2024,,"USED GDLS from stack SG2-24-50, Everything else new",r0060,,440.0,79.55,H23,Ti,standard,False,2026-05-12T06:45:35.289159+00:00,
acb878ed-9830-4921-ac8f-55a1efe212a6,formal::r0060::15/11/2024 11:00,r0060,r0060,LACH,,15/11/2024 11:00,Pulsing,,r0056,,440.0,79.55,H23,Ti,standard,False,2026-05-12T06:45:35.458+00:00,
73a39a49-f362-4143-a3c6-b9219e8dc8e1,formal::r0060::18/11/2024 11:30,r0060,r0060,LACH,,18/11/2024 11:30,Optimization of GDE,Hydrophobic GDE,r0060,,440.0,79.55,H23,Ti,standard,False,2026-05-12T06:45:35.625455+00:00,
73399df3-4862-4b30-af75-d0a4e4ff95a4,formal::r0060::18/03/2025 16:00,r0060,r0060,LACH,,18/03/2025 16:00,PTFE pattern 3 stripes,PTFE patterns,r0060,,440.0,79.55,H23,Ti,standard,False,2026-05-12T06:45:35.787319+00:00,
5cf47ff9-2316-4371-bba7-efc4703b7ba6,formal::r0060::24/03/2025 16:00,r0060,r0060,LACH,,24/03/2025 16:00,PTFE pattern,PTFE patterns,r0060,,440.0,79.55,H23,Ti,standard,False,2026-05-12T06:45:35.945742+00:00,
105d24fe-9312-4bca-8263-dbcf49b3dee1,formal::r0060::26/03/2025 15:00,r0060,r0060,LACH,,26/03/2025 15:00,PTFE pattern,PTFE patterns,r0060,,440.0,79.55,H23,Ti,standard,False,2026-05-12T06:45:36.101274+00:00,
d7156f2a-c1bb-46b1-a463-1e71b1873cee,formal::r0060::31/03/2025 10:00,r0060,r0060,LACH,,31/03/2025 10:00,Optimization of CL,Non uniform CL,r0060,,440.0,79.55,H23,Ti,standard,False,2026-05-12T06:45:36.257789+00:00,
bc48370e-6d5a-4218-9a3d-c4298a0e1fd9,formal::r0060::07/04/2025 15:00,r0060,r0060,LACH,,07/04/2025 15:00,Optimization of PTFE pattern,3 PTFE stripes with low ΔP plates,r0060,,440.0,79.55,H23,Ti,standard,False,2026-05-12T06:45:36.427988+00:00,
37912a58-77c8-40b8-9d85-3ad429b737b9,formal::r0060::09/04/2025 17:00,r0060,r0060,LACH,,09/04/2025 17:00,Optimization of GDL layers,4 GDLs with 12 PTFE stripes on the sintered plate instead of the 2 philic & 2 phobic,r0060,,440.0,79.55,H23,Ti,standard,False,2026-05-12T06:45:36.588012+00:00,
bf9da959-fa7e-4684-be65-9f3957f3a8fe,formal::SG2-25-58::29/04/2025 16:00,r0060,SG2-25-58,LACH,SG2-25-58,29/04/2025 16:00,,,r0060,,440.0,79.55,H23,Ti,standard,False,2026-05-12T06:45:36.747082+00:00,
b3874d48-1596-41e2-8886-acf9d2c53fa0,formal::SG2-25-61::06/05/2025 15:00,r0060,SG2-25-61,LACH,SG2-25-61,06/05/2025 15:00,,,r0060,,440.0,79.55,H23,Ti,standard,False,2026-05-12T06:45:36.928734+00:00,
95377ea2-3bdb-4b7f-9d7b-b425e1979b39,formal::SG2-25-65::08/05/2025 16:00,r0060,SG2-25-65,LACH,SG2-25-65,08/05/2025 16:00,,,r0060,,440.0,79.55,H23,Ti,standard,False,2026-05-12T06:45:37.091301+00:00,
ee38359d-2d0e-4456-b54e-7a74b29fcd68,formal::SG2-25-70::13/05/2025 14:00,r0060,SG2-25-70,LACH,SG2-25-70,13/05/2025 14:00,,,r0060,,440.0,79.55,H23,Ti,standard,False,2026-05-12T06:45:37.25385+00:00,
e19712b7-70f5-450a-bb0b-9a5bd9d22c46,formal::SG2-25-84::04/06/2025 18:00,r0060,SG2-25-84,LACH,SG2-25-84,04/06/2025 18:00,,"Drop FE diagnostics, Smaller hydrophilic GDLs and all components cleaned",r0060,,440.0,79.55,H23,Ti,standard,False,2026-05-12T06:45:37.417171+00:00,
e07f8dcf-e179-46f9-a924-3dbec0b2d20d,formal::SG2-25-88::11/06/2025 16:00,r0060,SG2-25-88,LACH,SG2-25-88,11/06/2025 16:00,,,r0060,,440.0,79.55,H23,Ti,standard,False,2026-05-12T06:45:37.576762+00:00,
7cae6e9f-cf4f-4d28-b997-b9db811ca216,"formal::Rebuild SG2-25-88, with new clean sint. plate::17/06/2025 14:00",r0060,"Rebuild SG2-25-88, with new clean sint. plate",LACH,"Rebuild SG2-25-88, with new clean sint. plate",17/06/2025 14:00,,,r0060,,440.0,79.55,H23,Ti,standard,False,2026-05-12T06:45:37.737716+00:00,
14288003-4148-4234-9eef-8b10053dd14b,formal::SG2-25-103::18/07/2025 14:00,r0060,SG2-25-103,LACH,SG2-25-103,18/07/2025 14:00,,,r0060,,440.0,79.55,H23,Ti,standard,False,2026-05-12T06:45:37.905738+00:00,
c038fb45-21d3-453f-88f4-61c0abd20cd1,formal::SG2-25-111::25/08/2025 13:00,r0060,SG2-25-111,LACH,SG2-25-111,25/08/2025 13:00,CARBON PLATES,,r0060,,440.0,79.55,H23,Ti,standard,False,2026-05-12T06:45:38.07576+00:00,
ac95b688-2919-4e67-9d71-8d6c1cfaf702,formal::r0060::17/12/2025 13:00,r0060,r0060,LACH,,17/12/2025 13:00,C plate,,r0060,,440.0,,,,,False,2026-05-12T06:45:38.254487+00:00,
f1605d0d-4eea-46e3-a2cf-694533a1bbe3,formal::r0061::23/01/23,r0061,r0061,RARA,,23/01/23,Gen2,Gen2,r0059,,440.0,110.0,H23,Ti,Air at 5 bar,False,2026-05-12T06:45:38.4314+00:00,
7f141206-dcb6-4900-801a-7bbee1b25c09,formal::r0061::16/03/23,r0061,r0061,RARA,,16/03/23,Gen2,Gen 2 compressed air,r0061,,440.0,79.55,H23,Ti,Air at 5 bar,False,2026-05-12T06:45:38.600313+00:00,
c46b9a0b-cab3-4c1b-a9a8-14f76efa99d0,formal::r0061::22/05/23,r0061,r0061,ELGO,,22/05/23,idling test,idling + transport,r0061,,440.0,79.55,H23,Ti,Air at 5 bar,False,2026-05-12T06:45:38.770832+00:00,
6bfd8e5f-011f-4884-a79c-fe60ffebbb21,formal::r0061::02/06/23,r0061,r0061,ELGO,,02/06/23,idling test,idling with vibration,r0061,,440.0,79.55,H23,Ti,,False,2026-05-12T06:45:38.932891+00:00,
82e65d9c-389b-4898-8c19-4b26d1679334,formal::r0061::08/06/23,r0061,r0061,ELGO,,08/06/23,idling test,idling #9 pressurized cathode,r0061,,440.0,79.55,H23,Ti,,False,2026-05-12T06:45:39.091504+00:00,
17460242-40c4-4201-a999-5c24fe411979,formal::r0061::14/06/23,r0061,r0061,ELGO,,14/06/23,idling,idling reactivation #4,r0061,,440.0,79.55,H23,Ti,,False,2026-05-12T06:45:39.254661+00:00,
9f53ca01-1c52-40f5-b791-5fbbdcce552c,formal::r0061::20/06/23,r0061,r0061,ELGO,,20/06/23,idling,idling reactivation #6,r0061,,440.0,79.55,H23,Ti,std,False,2026-05-12T06:45:39.413617+00:00,
71ede825-8e39-4ba1-836f-72ed1523ea53,formal::r0061_run07,r0061,r0061,ELGO,,,idling,idling reactivation #12,r0061,,440.0,79.55,H23,Ti,std,False,2026-05-12T06:45:39.56823+00:00,
4f2f51b5-8cda-4118-8ff5-06915fc43f8a,formal::r0061::03/07/23,r0061,r0061,ELGO,,03/07/23,idling,idling 1st reactivation #7b,r0061,,440.0,79.55,H23,Ti,std,False,2026-05-12T06:45:39.728831+00:00,
bf7ab167-02c0-4a29-ae5a-ca9ca0c85485,formal::r0061::06/07/23,r0061,r0061,ELGO,,06/07/23,idling,#8b,r0061,,440.0,79.55,H23,Ti,std,False,2026-05-12T06:45:39.890825+00:00,
c9e1cb51-69f5-4f62-a7d6-c36272fba6be,formal::r0061::17/07/23,r0061,r0061,ELGO,,17/07/23,idling,#6b repetition 2,r0061,,440.0,79.55,H23,Ti,std,False,2026-05-12T06:45:40.052141+00:00,
ef25c761-af8b-4039-bd9d-974ec4d6dd62,formal::r0061::21/07/23,r0061,r0061,ELGO,,21/07/23,idling,#6b-2 flushing 2h,r0061,,440.0,79.55,H23,Ti,std,False,2026-05-12T06:45:40.210183+00:00,
9d47256e-6e39-4c58-926e-dab106d1ef29,formal::r0061::26/07/23,r0061,r0061,ELGO,,26/07/23,idling,#6b-2 flushing 2h,r0061,,440.0,79.55,H23,Ti,std,False,2026-05-12T06:45:40.369071+00:00,
e7e5d7ed-ae55-48d3-8a4a-e85ed99f1c7c,formal::r0063::27/04/23,r0063,r0063,ELGO,,27/04/23,,,r0063,,440.0,79.55,H23,Ti,,False,2026-05-12T06:45:40.525576+00:00,
4e326ae4-1753-45e5-aa08-a956650cd561,formal::r0063::01/05/23,r0063,r0063,RARA,,01/05/23,Idling study,Idling study without anode sintered Ti plate and with water,r0063,,440.0,79.55,H23,Ti,,False,2026-05-12T06:45:40.68929+00:00,
637a8944-9c69-490f-b81b-f4cd0cb99307,formal::r0063::04/05/23,r0063,r0063,LACH,,04/05/23,Idling study,"Half Ir, 3 cells satck",r0063,,440.0,110.0,H23,Ti,,False,2026-05-12T06:45:40.846529+00:00,
54fb97eb-b796-4383-856d-e5132f71b04b,formal::r0063::17/05/23,r0063,r0063,ELGO,,17/05/23,Idling study,after idling for 2 weeks with water (started on 1/5/23 in r0063),r0063,,440.0,79.55,H23,Ti,,False,2026-05-12T06:45:41.007052+00:00,
4ffbe272-8517-4bfc-a0c4-b3f77e676f41,formal::r0063::23/06/23,r0063,r0063,RARA,,23/06/23,RM stack,RM stack low pressure validation,r0063,,440.0,79.55,H23,Ti,,False,2026-05-12T06:45:41.164692+00:00,
7b63712b-d561-4227-9a11-801d22a6217e,informal::r0063_run05,r0063,r0063,,,,RM stack,,r0063,,440.0,79.55,H23,Ti,,True,2026-05-12T06:45:41.324454+00:00,
0a3b4afb-5dce-472e-b22b-4114ead022d1,informal::r0063_run06,r0063,r0063,,,,RM stack,,r0063,,440.0,79.55,H23,Ti,,True,2026-05-12T06:45:41.484818+00:00,
8bc607e0-b2d9-42d0-88be-4902c3398a05,informal::r0063_run07,r0063,r0063,,,,RM stack,,r0063,,440.0,79.55,H23,Ti,,True,2026-05-12T06:45:41.646309+00:00,
e1ed4512-10d1-461b-9ebf-48348b0df58d,informal::r0063_run08,r0063,r0063,,,,RM stack,,r0063,,440.0,79.55,H23,Ti,,True,2026-05-12T06:45:41.810547+00:00,
9d32904c-f300-4c75-8733-c9840cd48e3c,informal::r0063_run09,r0063,r0063,,,,RM stack,,r0063,,440.0,79.55,H23,Ti,,True,2026-05-12T06:45:41.993033+00:00,
8510fbab-79c2-472a-a6f9-0f27388e596b,informal::r0063_run10,r0063,r0063,,,,RM stack,,r0063,,440.0,79.55,H23,Ti,,True,2026-05-12T06:45:42.15478+00:00,
b42ae47f-c922-4792-9ce7-6135dea484ca,formal::r0063::06/11/23,r0063,r0063,RARA,,06/11/23,Stack performance,Low efficieny diagnostics - fumatech (600) MEA and old sintered plate,r0063,,440.0,79.55,H23,Ti,,False,2026-05-12T06:45:42.310724+00:00,
8c729315-3082-4563-abb9-fe4cf95e3218,formal::r0063::27/11/23,r0063,r0063,RARA,,27/11/23,MEA diagnostics,0.29 A during PS test of stack QC,r0063,,440.0,79.55,H23,Ti,,False,2026-05-12T06:45:42.47997+00:00,
d3abf11c-b03c-4944-a930-1312c8069429,formal::r0063::08/12/23,r0063,r0063,LACH,,08/12/23,MEA diagnostics,NEW INSERTS,r0063,,440.0,79.55,H23,Ti,,False,2026-05-12T06:45:42.644398+00:00,
cb07d2c4-45da-44f6-b051-72538ac0d682,formal::SG2-23-0045::08/01/24,r0063,SG2-23-0045,RARA,SG2-23-0045,08/01/24,Long term testing,Standard 7 cell stack testing,r0063,,440.0,79.55,H23,Ti,,False,2026-05-12T06:45:42.805393+00:00,
6f58488a-3ba6-4bbf-90f0-4ac6e64c5b81,formal::SG2-24-0008::25/01/24,r0063,SG2-24-0008,LACH,SG2-24-0008,25/01/24,Long term testing,Standard 7 cell stack testing,r0063,,440.0,79.55,H23,Ti,,False,2026-05-12T06:45:42.963279+00:00,
b041d62a-655f-402a-8e7e-5a16c26cce01,formal::r0063::22/02/24,r0063,r0063,LACH,,22/02/24,Long term testing,Standard 7 cell stack testing - 1 %,r0063,,440.0,79.55,H23,Ti,,False,2026-05-12T06:45:43.12581+00:00,
28f86b19-6f84-497f-9b65-0e099cc33960,formal::r0063::18/03/24,r0063,r0063,LACH,,18/03/24,Long term testing,Standard 7 cell stack testing - 1 %,r0063,,440.0,79.55,H23,Ti,,False,2026-05-12T06:45:43.286264+00:00,
3aca2569-6a1f-4d50-8e9b-236ebf6f5f8f,formal::r0063::08/04/24,r0063,r0063,RARA,,08/04/24,Long term testing,Standard 7 cell stack testing - 1 %,r0063,,440.0,79.55,H23,Ti,,False,2026-05-12T06:45:43.447088+00:00,
8e9f0589-54c9-45e6-9a37-896b6d59ab72,formal::SG2-24-50::15/05/2024 18:00:00,r0063,SG2-24-50,LACH,SG2-24-50,15/05/2024 18:00:00,Long term testing,"Standard 7 cell stack testing - 1 %, continuous operation",r0063,,440.0,79.55,H23,Ti,,False,2026-05-12T06:45:43.619269+00:00,
18538c9c-1755-45a4-90be-06dd421c5c75,formal::r0063::26/09/2024 13:00,r0063,r0063,RARA,,26/09/2024 13:00,Stack build improvements / SS,Softer inserts 70 shore to pave way for future inbuilt inserts / 4.4P 30 min ON : 25 s OFF 0.6 mL/s,r0063,,440.0,79.55,H23,Ti,,False,2026-05-12T06:45:44.013186+00:00,
63a95904-daca-4b77-a28b-adefb4e84850,formal::r0063::18/11/2024 11:30,r0063,r0063,LACH,,18/11/2024 11:30,GDEs optimization,Half PTFE loading,r0063,,440.0,79.55,H23,Ti,,False,2026-05-12T06:45:44.186123+00:00,
22e6a5d2-8e63-401e-a0e0-6d97fec3e14c,formal::r0063::03/02/2025 12:00,r0063,r0063,LACH,,03/02/2025 12:00,GDEs optimization,benchmark,r0063,,440.0,79.55,H23,Ti,,False,2026-05-12T06:45:44.34587+00:00,
be669e42-3233-4f70-a0c0-0745e8d9fe53,"formal::r0063::04/03/2025, 14:00",r0063,r0063,LACH,,"04/03/2025, 14:00",GDEs optimization,benchmark,r0063,,440.0,79.55,H23,Ti,,False,2026-05-12T06:45:44.503925+00:00,
657e2c40-38f8-4cf1-b577-188908ad9fc9,formal::SG2-25-39::26/03/2025 16:00,r0063,SG2-25-39,RARA,SG2-25-39,26/03/2025 16:00,Benchmark,MEA pressed with 20 ton. New anode resin used and no bypass,r0063,,440.0,79.55,H23,Ti,,False,2026-05-12T06:45:44.665376+00:00,
a4902239-060c-4a07-9017-529b62413974,formal::r0063::31/03/2025 15:00,r0063,r0063,RARA,,31/03/2025 15:00,Compression project,15.4 mm compression and std catalyst test.,r0063,,440.0,79.55,H23,Ti,,False,2026-05-12T06:45:44.823309+00:00,
d3a238cb-8b45-4a2a-9474-04bab5d42adf,formal::r0063::03/04/2025 18:30,r0063,r0063,RARA,,03/04/2025 18:30,Compression project,14.7 mm compression test,r0063,,440.0,79.55,H23,Ti,,False,2026-05-12T06:45:44.983254+00:00,
cb67260d-d990-45ed-8b6b-103ddad3f978,formal::SG2-25-47::08/04/2025 16:00,r0063,SG2-25-47,LACH,SG2-25-47,08/04/2025 16:00,Optimize CL,1/3 Nafion,r0063,,440.0,79.55,H23,Ti,,False,2026-05-12T06:45:45.147763+00:00,
98468cbb-b020-4ea9-ad45-7e72c738293d,formal::SG2-25-59::01/05/2025 16:00,r0063,SG2-25-59,LACH,SG2-25-59,01/05/2025 16:00,Optimize CL,Diagnostics of fast FE decline,r0063,,440.0,79.55,H23,Ti,,False,2026-05-12T06:45:45.312155+00:00,
afb0025f-20c7-4677-bc71-20314175d2ff,formal::SG2-25-11::05/05/2025 16:00,r0063,SG2-25-11,LACH,SG2-25-11,05/05/2025 16:00,,Diagnostics of fast FE decline,r0063,,440.0,79.55,H23,Ti,,False,2026-05-12T06:45:45.473809+00:00,
71c8955b-2e58-43ab-89cf-aa3e0ab7d2b0,formal::SG2-25-67::10/05/2025 19:00,r0063,SG2-25-67,RARA,SG2-25-67,10/05/2025 19:00,,"Cleaned Meshes, CC, gaskets. Sonicated inserts",r0063,,440.0,79.55,H23,Ti,,False,2026-05-12T06:45:45.638076+00:00,
5abfd448-91a5-4e13-9daf-b4e78bf916a8,formal::SG2-25-71::14/05/2025 17:00,r0063,SG2-25-71,LACH,SG2-25-71,14/05/2025 17:00,,"Cleaned Meshes, CC, gaskets. Sonicated inserts, Washed Ti plates and GDLs",r0063,,440.0,79.55,H23,Ti,,False,2026-05-12T06:45:45.80949+00:00,
86dc64f2-7119-48cd-8f2c-e230e27af39d,formal::SG2-25-76::20/05/2025 16:00,r0063,SG2-25-76,LACH,SG2-25-76,20/05/2025 16:00,,Used endpl. sinterpl. mesh from SG2.0.P24-46,r0063,,440.0,79.55,H23,Ti,,False,2026-05-12T06:45:45.967563+00:00,
42f13a44-1492-4b27-9d47-fce0e686129d,formal::SG2-25-81::28/05/2025 14:00,r0063,SG2-25-81,ALAR,SG2-25-81,28/05/2025 14:00,,Pulsing 30 min ON: 25 s OFF with all components cleaned and new batch o gaskets may 2025,r0063,,440.0,79.55,H23,Ti,Pulsing,False,2026-05-12T06:45:46.125827+00:00,
f222cb6e-44f1-4c75-81dd-1ede10997a83,formal::r0064::20/04/23,r0064,r0064,ELGO,,20/04/23,single cell,"single cell, Pooria's housing",r0064,,440.0,79.55,H23,Ti,,False,2026-05-12T06:45:46.30116+00:00,
d773ec36-9717-499a-99f2-10c53b861189,formal::r0064::27/04/23,r0064,r0064,RARA,,27/04/23,Sintered plate cleaning,DI water flushed sintered Ti plate,r0064,,440.0,79.55,H23,Ti,,False,2026-05-12T06:45:46.460985+00:00,
46eb1663-5230-4913-8186-45f817a8eece,formal::r0064_run03,r0064,r0064,,,,,,r0064,,440.0,79.55,H23,Ti,,False,2026-05-12T06:45:46.785026+00:00,
05db82ea-970b-43c4-b890-7faaee7b927c,formal::r0064_run04,r0064,r0064,ELGO,,,idling,idling OCV,r0064,,440.0,79.55,H23,Ti,,False,2026-05-12T06:45:46.94599+00:00,
597d27dd-4b4f-436d-a043-f39fc4bfd89a,formal::r0064::06/06/23,r0064,r0064,RARA,,06/06/23,baseline,sabine's 6cs,r0064,,440.0,79.55,H23,Ti,,False,2026-05-12T06:45:47.109379+00:00,
657c8725-ca2d-4f3d-9655-147d1c3e65d7,informal::r0064_run06,r0064,r0064,,,,baseline,,r0064,,440.0,79.55,H23,Ti,,True,2026-05-12T06:45:47.285411+00:00,
86cbc2fe-4ac9-421a-bb21-c31aabe86b13,informal::r0064_run07,r0064,r0064,,,,baseline,,r0064,,440.0,79.55,H23,Ti,,True,2026-05-12T06:45:47.446144+00:00,
ce38372f-b497-4a19-ab5c-4489664264d5,formal::r0064::07/11/23,r0064,r0064,RARA,,07/11/23,Stack performance,Low efficieny diagnostics - fumatech (600) MEA and new sintered plate,r0064,,440.0,127.0,H23,Ti,,False,2026-05-12T06:45:47.606011+00:00,
50228271-f1fb-4e30-a53d-4cbcbf9ea7e2,formal::r0064::20/11/23,r0064,r0064,LACH,,20/11/23,Stack building optimisation,3 gdls under sinter plate and 2.8 mm mesh on anode,r0064,,440.0,127.0,H23,Ti,,False,2026-05-12T06:45:47.79154+00:00,
85ee3612-e263-4c64-9a01-acfed8a0ed0b,formal::SG2-24-0040::04/04/24,r0064,SG2-24-0040,LACH,SG2-24-0040,04/04/24,Stack building optimisation,new rubber frames validation,r0064,,440.0,127.0,H23,Ti,,False,2026-05-12T06:45:47.961086+00:00,
89de8eb6-a1ac-44e2-817e-e336c40a0691,formal::SG2-24-0060::27/05/2024 15:30:00,r0064,SG2-24-0060,LACH,SG2-24-0060,27/05/2024 15:30:00,Long term testing,Standard 7 cell stack testing - 3 % after the first 400 h,r0064,,440.0,127.0,H23,Ti,,False,2026-05-12T06:45:48.123476+00:00,
06567f72-8082-4224-8cbb-f736c5d115e9,formal::SG2-24-0088::08/08/2024 16:30:00,r0064,SG2-24-0088,RARA,SG2-24-0088,08/08/2024 16:30:00,Long term testing,Standard 7 cell stack testing - 2 GDLs under Ca mesh,r0064,,440.0,127.0,H23,Ti,,False,2026-05-12T06:45:48.2953+00:00,
1b786551-abd5-43ad-bbd1-2547f447d9ea,formal::SG2-24-0118::18/11/2024 14:00,r0064,SG2-24-0118,ALAR,SG2-24-0118,18/11/2024 14:00,Long term testing,4.#P 30 min ON : 25 s OFF 0.6 mL/s per cell,r0064,,440.0,127.0,H23,Ti,,False,2026-05-12T06:45:48.493002+00:00,
45be764c-6e59-456a-9cfd-ea5caa0080de,formal::SG2-24-126::10/12/2024 16:00,r0064,SG2-24-126,ALAR,SG2-24-126,10/12/2024 16:00,Pulsing,8.P 30 min ON : 45 s OFF 0.6 mL/s per cell,r0064,,440.0,102.2727273,H23,Ti,Pulsing,False,2026-05-12T06:45:48.648972+00:00,
2d4f0d11-25b6-49ea-906c-b3152005d7f8,formal::SG2-25-009::25/03/2025 17:00,r0064,SG2-25-009,RARA,SG2-25-009,25/03/2025 17:00,Pulsing with gas and V,10.P 30 min ON : 25 s OFF (O2) 0.6 mL/s per cell,r0064,,440.0,90.90909091,H23,Ti,Pulsing,False,2026-05-12T06:45:48.846081+00:00,
73debd3c-5c90-47d8-9f83-885404381857,formal::SG2-25-0043::07/04/2025 18:00,r0064,SG2-25-0043,ALAR,SG2-25-0043,07/04/2025 18:00,Pulsing with gas and V,10.2P 30 min ON : 25 s OFF (O2+PS) 0.6 mL/s per cell,r0064,,440.0,90.90909091,H23,Ti,Pulsing,False,2026-05-12T06:45:49.007392+00:00,
1a4c78f0-c9de-45e2-8347-08075d60a68e,formal::SG2-25-P-0019::23/04/2025 14:00,r0064,SG2-25-P-0019,RARA,SG2-25-P-0019,23/04/2025 14:00,Benchmark,Benchmark stack- system check,r0064,,440.0,79.54545455,H23,Ti,Pulsing,False,2026-05-12T06:45:49.164776+00:00,
46579fc1-7de3-4eb6-9825-743bb3dad110,formal::SG2-P-25-18::18/06/2025 12:00,r0064,SG2-P-25-18,ALAR,SG2-P-25-18,18/06/2025 12:00,Benchmark,Benchmark stack- system check,r0064,,440.0,102.27,H23,Ti,Pulsing,False,2026-05-12T06:45:49.508632+00:00,
e0d4ccb6-88b9-4738-af56-7a2506bc6af5,formal::SG2-25-0106::23/07/2025 16:00,r0064,SG2-25-0106,LACH,SG2-25-0106,23/07/2025 16:00,new benchmark,std washing,r0064,,440.0,79.5,H23,Ti,Stamdard,False,2026-05-12T06:45:49.677902+00:00,
7b8854fc-8e6e-4f9d-8ff3-e551df9af310,formal::SG2-25-0117::08/10/2025 14:30,r0064,SG2-25-0117,ALAR,SG2-25-0117,08/10/2025 14:30,Pulsing,7 cell pulsing tunning 30 min ON : 45 s OFF,r0064,,440.0,79.5,H23,Ti,Pulsing,False,2026-05-12T06:45:49.843816+00:00,
f3ebedb4-b4b1-4d44-a354-720262a4348e,formal::r0065::27/04/23,r0065,r0065,ELGO,,27/04/23,Single cell,,r0065,,440.0,79.55,H23,Ti,,False,2026-05-12T06:45:50.020332+00:00,
8c7b2423-31f3-433b-b81c-23eb94d59204,formal::r0065::28/04/23,r0065,r0065,RARA,,28/04/23,US failed stack diagnostics,GDLs resued from 23-005 US stack. New fumatech MEA,r0065,,440.0,79.55,H23,Ti,,False,2026-05-12T06:45:50.175605+00:00,
f518316c-5b87-4134-8f43-0293bd56fd08,formal::r0065_run02,r0065,r0065,,,,,,r0065,,440.0,79.55,H23,Ti,,False,2026-05-12T06:45:50.333497+00:00,
6072f58b-8a02-40c5-9251-98193257486a,formal::MEA-P-23-216::30/05/23,r0065,MEA-P-23-216,ELGO,MEA-P-23-216,30/05/23,Idling,Idling test #4 nafion,r0065,,440.0,79.55,H23,Ti,,False,2026-05-12T06:45:50.492002+00:00,
f653d696-b8b0-40e4-8f71-fc4eadc63ab6,formal::r0065::01/06/23,r0065,r0065,ELGO,,01/06/23,Idling,Idling test #5 wet/dry components,r0065,,440.0,79.55,H23,Ti,,False,2026-05-12T06:45:50.649383+00:00,
a27d210a-7bf1-45f4-b1ed-d1fefbbf6f49,formal::r0065::09/06/23,r0065,r0065,ELGO,,09/06/23,,idling #12 high current reactivation,r0065,,440.0,79.55,H23,Ti,,False,2026-05-12T06:45:50.819578+00:00,
894eac99-c6ca-4d38-b179-c933ee26ba3e,formal::r0065::31/05/23,r0065,r0065,RARA,,31/05/23,RM stack,RM stack low pressure validation,r0065,,440.0,79.55,H23,Ti,,False,2026-05-12T06:45:50.979768+00:00,
8650d7af-278e-413c-9efe-c6ad7e57b2a4,formal::r0065::26/06/23,r0065,r0065,ELGO,,26/06/23,idling,idling reactivation #9,r0065,,440.0,79.55,H23,Ti,,False,2026-05-12T06:45:51.141921+00:00,
8318faee-60fc-4a24-9771-031830ba4694,formal::r0065::17/07/23,r0065,r0065,RARA,,17/07/23,RM stack,RM stack low pressure validation,r0065,,440.0,79.55,H23,Ti,,False,2026-05-12T06:45:51.297201+00:00,
d12cc161-278e-4189-b434-6bb722f4feac,formal::r0065::08/08/23,r0065,r0065,RARA,,08/08/23,idling,idling #6c 4h flushing,r0065,,440.0,79.55,H23,Ti,,False,2026-05-12T06:45:51.452719+00:00,
6af78837-02a7-4fcf-93f6-844910e3c2c2,informal::r0065_run10,r0065,r0065,,,,idling,,r0065,,440.0,79.55,H23,Ti,,True,2026-05-12T06:45:51.614009+00:00,
3b4e214e-1ce6-470a-8176-ece1ad223933,formal::r0065::28/08/23,r0065,r0065,ELGO,,28/08/23,idling,idling #6c3 4h flushing,r0065,,440.0,79.55,H23,Ti,,False,2026-05-12T06:45:51.773016+00:00,
9492277e-2d55-4cd8-9550-c6a09fe20814,formal::r0065::30/08/23,r0065,r0065,ELGO,,30/08/23,idling,idling #18b MPL+2h flushing,r0065,,440.0,79.55,H23,Ti,,False,2026-05-12T06:45:51.928976+00:00,
cfc583ad-a425-41f4-9710-67831325af41,formal::r0065::27/09/23,r0065,r0065,ALAR,,27/09/23,Idling,20 Idling with CA water flow + O2,r0065,,440.0,79.55,H23,Ti,,False,2026-05-12T06:45:52.096546+00:00,
3cbaf089-b86c-46ce-87aa-11005187fe6d,formal::SG-23-0025::17/10/23,r0065,SG-23-0025,ALAR,SG-23-0025,17/10/23,Idling,21.2 Idling with CA water flow,r0065,,440.0,79.55,H23,Ti,,False,2026-05-12T06:45:52.263377+00:00,
5bcc42fe-e3f4-4f3a-9058-c00c2b5a601f,formal::SG2 23-033::06/11/23,r0065,SG2 23-033,RARA,SG2 23-033,06/11/23,Stack performance,Low efficieny diagnostics - nafion MEA and old sintered plate,r0065,,440.0,79.55,H23,Ti,,False,2026-05-12T06:45:52.42413+00:00,
6cfe7357-0ce5-41b2-b117-557e8ce483db,formal::r0065::08/11/23,r0065,r0065,RARA,,08/11/23,Stack performance,Low efficieny diagnostics - fumatech (100) MEA and new sintered plate ultrasonicated,r0065,,440.0,79.55,H23,Ti,,False,2026-05-12T06:45:52.58779+00:00,
8eba9242-8162-4864-97f6-560014f6e244,formal::SG2-P-25-18::28/04/2025 17:00,s0146,SG2-P-25-18,RARA,SG2-P-25-18,28/04/2025 17:00,Benchmark,7,s0146,,440.0,,,,,False,2026-05-12T06:45:49.3308+00:00,
f9db303b-76d3-4ec6-85b7-28f6efcb203f,formal::r0065::15/11/23,r0065,r0065,RARA,,15/11/23,Long term testing,Standard 7 cell stack testing - 3 %,r0065,,440.0,127.0,H23,Ti,,False,2026-05-12T06:45:52.746917+00:00,
643242e7-fb04-4440-a72e-25a57683c72c,formal::r0065::22/02/24,r0065,r0065,LACH,,22/02/24,Long term testing,Standard 7 cell stack testing - 1 %,r0065,,440.0,127.0,H23,Ti,,False,2026-05-12T06:45:52.941685+00:00,
189dab37-108d-491f-9d41-bcdf0589921b,formal::SG2-24-0041::09/04/24,r0065,SG2-24-0041,LACH,SG2-24-0041,09/04/24,new parts validation,new rubber frames validation,r0065,,440.0,127.0,H23,Ti,,False,2026-05-12T06:45:53.106616+00:00,
4db6e163-bfe0-44cc-917f-844dcdeea33a,formal::SG2-24-0058::23/05/24,r0065,SG2-24-0058,LACH,SG2-24-0058,23/05/24,new parts validation,Half Ir loading with 30 % Ir content,r0065,,440.0,127.0,H23,Ti,,False,2026-05-12T06:45:53.276819+00:00,
ac9c44cf-eb43-429d-9fd7-238dfb6efed9,formal::SG2-24-0058::30/05/2024 08:00:00,r0065,SG2-24-0058,LACH,SG2-24-0058,30/05/2024 08:00:00,new parts validation,Half Ir loading with 30 % Ir content,r0065,,440.0,127.0,H23,Ti,,False,2026-05-12T06:45:53.435768+00:00,
bcea411f-f0d5-4ede-a0a7-13fd7257517b,formal::r0065::15/07/2024 10:00,r0065,r0065,LACH,,15/07/2024 10:00,,,r0065,,440.0,127.0,H23,Ti,,False,2026-05-12T06:45:53.602234+00:00,
ea856592-34f9-42f4-93ae-516bea4937cf,formal::r0065::30/08/2024,r0065,r0065,,,30/08/2024,SS,,r0065,,,,,,,False,2026-05-12T06:45:53.760724+00:00,
2937a5cd-4f36-400c-aa45-1b5c0b2f22d8,formal::r0065::05/11/2024 18:00,r0065,r0065,,,05/11/2024 18:00,Optimization of GDEs,,r0065,,,,,,,False,2026-05-12T06:45:53.946083+00:00,
1b6aae14-0965-44f8-b05e-df9448c72764,formal::r0065::16/02/2025,r0065,r0065,,,16/02/2025,,,r0065,,,,,,,False,2026-05-12T06:45:54.107067+00:00,
f939d951-3770-4241-8fb3-b11bcf74c6b4,formal::r0065::06/03/2025 11:00,r0065,r0065,,,06/03/2025 11:00,,,r0065,,,,,,,False,2026-05-12T06:45:54.267708+00:00,
11fde953-55c1-4a3d-ade9-ba19feac0028,formal::r0065::26/03/2025 16:00,r0065,r0065,,,26/03/2025 16:00,,,r0065,,,,,,,False,2026-05-12T06:45:54.431234+00:00,
6db47209-2c72-4124-9d65-c5097e10c7ba,formal::r0065::07/04/2025 16:00,r0065,r0065,,,07/04/2025 16:00,,,r0065,,,,,,,False,2026-05-12T06:45:54.586963+00:00,
7b794081-fa3a-4f3b-8023-97315beba7e3,formal::r0065::16/05/2025 16:00,r0065,r0065,,,16/05/2025 16:00,,,r0065,,,,,,,False,2026-05-12T06:45:54.744755+00:00,
83c37953-b7c0-4d5e-88b1-11ffdeaa2c2d,formal::r0065::09/07/2025 14:00,r0065,r0065,,,09/07/2025 14:00,,,r0065,,,,,,,False,2026-05-12T06:45:54.899221+00:00,
e609847e-7400-43ba-8279-669e2c88b120,formal::SG2-24-0006::22/01/24,r0066,SG2-24-0006,RARA/LACH,SG2-24-0006,22/01/24,Stack parts validation,"Validation of new inserts, validation of MEAs with 0A during PS test",r0066,,440.0,79.55,H23,Ti,,False,2026-05-12T06:45:55.091845+00:00,
d5d7539b-7af7-4eea-b30d-55d72f63a03e,formal::SG2-24-0011::26/01/24,r0066,SG2-24-0011,LACH,SG2-24-0011,26/01/24,Long term testing,Standard 7 cell stack testing - 3 %,r0066,,440.0,79.55,H23,Ti,,False,2026-05-12T06:45:55.25039+00:00,
b97bb59f-3fc0-4ecd-a8f2-707c019e6994,formal::r0066::10/04/2024 13:00:00,r0066,r0066,RARA,,10/04/2024 13:00:00,Long term testing,Standard 7 cell stack testing - 1 %,r0066,,440.0,79.55,H23,Ti,,False,2026-05-12T06:45:55.597612+00:00,
9fa2541f-821b-4980-8d9e-56609bfa41cc,formal::SG2-24-77::11/07/2024 13:00,r0066,SG2-24-77,LACH,SG2-24-77,11/07/2024 13:00,,Low pressure  drop sint. plates validation,r0066,,440.0,79.55,H23,Ti,,False,2026-05-12T06:45:55.776411+00:00,
24e8a9e0-2816-4526-8e42-64df1aaf0d84,formal::SG2-P-25-19::20/02/2025 11:00,r0066,SG2-P-25-19,LACH,SG2-P-25-19,20/02/2025 11:00,,Benchmark,r0066,,440.0,79.55,H23,Ti,,False,2026-05-12T06:45:56.037286+00:00,
4d3f0805-468c-4560-aeb6-0bf08fe767a2,formal::r0066::07/04/2025 12:00,r0066,r0066,RARA,,07/04/2025 12:00,,PTFE 3 stripes,r0066,,440.0,79.55,H23,Ti,,False,2026-05-12T06:45:56.209701+00:00,
de7d5e93-99f8-4421-9b1f-b32795bf83d2,formal::SG2-25-50::14/04/2025 16:00,r0066,SG2-25-50,LACH,SG2-25-50,14/04/2025 16:00,,Benchmark,r0066,,440.0,79.55,H23,Ti,,False,2026-05-12T06:45:56.365265+00:00,
3361a974-b30d-4f38-b8b8-94c7455c06ff,formal::SG2-25-86::15-04-2025,r0066,SG2-25-86,LACH,SG2-25-86,15-04-2025,,Benchmark,r0066,,440.0,79.55,H23,Ti,,False,2026-05-12T06:45:56.527076+00:00,
ff86a5cc-aaac-4788-8fb2-640485be79ec,formal::r0066::24/10/2025 15:45,r0066,r0066,ALAR,,24/10/2025 15:45,QC and Cleaning,,r0066,,440.0,,,,,False,2026-05-12T06:45:56.682087+00:00,
352e5b32-648d-431b-b35b-f944c3824547,formal::r0066::14/11/2025 18:30,r0066,r0066,ALAR,,14/11/2025 18:30,QC and Cleaning,,r0066,,440.0,,,,,False,2026-05-12T06:45:56.845466+00:00,
61019283-2159-4e87-abcc-9b63dee90280,formal::SG2-24-0089::09/08/2024,r0067,SG2-24-0089,PUWI,SG2-24-0089,09/08/2024,,2mm spacers- 0.75mm edge seal each side,r0067,,440.0,79.55,,Ti,,False,2026-05-12T06:45:57.340987+00:00,
a8fe969b-fa31-4cd1-9e9b-ccd1eb2e9afa,formal::SG2-24-0113::29/10/2024 13:00,r0067,SG2-24-0113,RARA,SG2-24-0113,29/10/2024 13:00,,Mild suction setup with 3.5x lower gas flow,r0067,,440.0,79.55,,Ti,,False,2026-05-12T06:45:57.663753+00:00,
71fc9257-e252-413d-85c5-c95181dc4819,formal::SG2-25-004::20/01/2025 14:00,r0067,SG2-25-004,PUWI,SG2-25-004,20/01/2025 14:00,,complaint layer mesh thickness tolerance study,r0067,,440.0,79.55,,Ti,,False,2026-05-12T06:45:57.826763+00:00,
57c38c1d-04be-4eb2-9190-e6a001f29887,formal::SG2-25-0031::03/04/2025 13:00,r0067,SG2-25-0031,RARA,SG2-25-0031,03/04/2025 13:00,,Porous carbon plates- ISEM1. Flushed plate with new MEA,r0067,,440.0,79.55,,Ti,,False,2026-05-12T06:45:58.008712+00:00,
ae97aac0-4962-4617-bbb5-e2e4710c26e4,formal::SG2-25-57::30/04/2025 12:00,r0067,SG2-25-57,ALAR,SG2-25-57,30/04/2025 12:00,,"Baseline, old gasket",r0067,,440.0,79.55,,Ti,,False,2026-05-12T06:45:58.170447+00:00,
9e198af6-7fd9-4fe5-9ccc-ef36feb6cd3d,formal::SG2-25-62::06/05/2025 17:00,r0067,SG2-25-62,ALAR,SG2-25-62,06/05/2025 17:00,,Baseline,r0067,,440.0,79.55,,Ti,,False,2026-05-12T06:45:58.34814+00:00,
0430cdfc-cb39-41de-82c9-79200081110e,formal::SG2-25-69::13/05/2025 17:30,r0067,SG2-25-69,PUWI,SG2-25-69,13/05/2025 17:30,,Baseline,r0067,,440.0,79.55,,Ti,,False,2026-05-12T06:45:58.524583+00:00,
d0b13a38-c99b-41fc-8891-bdc58125df07,formal::SG2-25-74::20/05/2025 13:30,r0067,SG2-25-74,ALAR,SG2-25-74,20/05/2025 13:30,,Diagnostics,r0067,,440.0,79.55,,Ti,Pulsing 30 min ON : 25 s OFF,False,2026-05-12T06:45:58.683037+00:00,
6eac108d-09c6-48bb-8e42-f097904df631,formal::SG2-25-79::27/05/2025 16:00,r0067,SG2-25-79,76,SG2-25-79,27/05/2025 16:00,,Diagnostics,r0067,,440.0,79.55,,Ti,,False,2026-05-12T06:45:59.021766+00:00,
9d0a212f-d1c2-493c-9108-c81db6a376db,formal::SG2-25-83::03/06/2025 16:00,r0067,SG2-25-83,ALAR/RARA,SG2-25-83,03/06/2025 16:00,,Diagnostics,r0067,,440.0,79.55,,Ti,,False,2026-05-12T06:45:59.179612+00:00,
3cf523c4-df38-4687-8250-1daaa925489a,formal::SG2-25-89::12/06/2025 15:00,r0067,SG2-25-89,LACH,SG2-25-89,12/06/2025 15:00,,Diagnostics,r0067,,440.0,79.55,,Ti,,False,2026-05-12T06:45:59.338947+00:00,
e44bda47-6d25-4074-9f5f-5abdf495e2bd,formal::SG2-25-92::24/06/2025 17:00,r0067,SG2-25-92,PUWI,SG2-25-92,24/06/2025 17:00,,Porous carbon plate,r0067,,440.0,79.55,,Ti,,False,2026-05-12T06:45:59.49785+00:00,
a30d83a7-b6d8-47a1-9692-9c9d36ca0e72,formal::SG2-25-96::01/07/2025 16:00,r0067,SG2-25-96,PUWI,SG2-25-96,01/07/2025 16:00,,Porous carbon plate,r0067,,440.0,79.55,,Ti,,False,2026-05-12T06:45:59.654889+00:00,
4c3c7dce-db8c-484d-968c-92234f555480,"formal::SG2-25-63::19/06/2025, 15:00",r0067,SG2-25-63,RARA,SG2-25-63,"19/06/2025, 15:00",,rebeuild SG2-25-63 withnew MEA and sonicated IG-100 carbon plate,r0067,,440.0,79.55,H23,Ti,standard,False,2026-05-12T06:45:59.815913+00:00,
90b7b828-3c68-4826-bf76-fcf94249f814,formal::SG2-25-112::04/09/2025 21:00,r0067,SG2-25-112,PUWI,SG2-25-112,04/09/2025 21:00,,"all cleaned parts, ISEM1, New MEA frame with GDLs pasted",r0067,,440.0,79.55,H23,Ti,standard,False,2026-05-12T06:46:00.013375+00:00,
87e67678-5240-439b-ba9e-536675c8ff22,formal::SG2-24-0083::30/07/2024 13:30,r0067,SG2-24-0083,PUWI,SG2-24-0083,30/07/2024 13:30,,edge seal-1.5mm,r0067,,440.0,79.55,,Ti,,False,2026-05-12T06:45:57.184063+00:00,
9b31b78c-b6a9-490b-91aa-30ba189d8258,formal::SG2-24-0107::09/10/2024 15:00,r0067,SG2-24-0107,RARA,SG2-24-0107,09/10/2024 15:00,,Mild suction setup with 3.5x lower gas flow,r0067,,440.0,79.55,,Ti,,False,2026-05-12T06:45:57.499397+00:00,
926c3a75-de3d-420d-9c6b-1c285494ebe3,formal::SG2-24-0071::25/06/2024 12:00:00,r0069,SG2-24-0071,PUWI,SG2-24-0071,25/06/2024 12:00:00,,edge seal-3mm,r0069,,440.0,79.55,H23,Ti,,False,2026-05-12T06:46:00.663263+00:00,
198b72e5-32c3-4b6d-8b33-33ed64cbc55a,formal::SG2-24-0080::18/07/2024 16:00,r0069,SG2-24-0080,LACH,SG2-24-0080,18/07/2024 16:00,,Test rehotpressed MEAs,r0069,,440.0,79.55,H23,Ti,,False,2026-05-12T06:46:00.823523+00:00,
be0c3fbd-58f6-4a75-b400-f7b7f9f8864c,formal::r0069::24/07/2024 13:00,r0069,r0069,RARA,,24/07/2024 13:00,,Test 2 rehotpressed MEAs,r0069,,440.0,79.55,H23,Ti,,False,2026-05-12T06:46:00.984449+00:00,
b3d6b4ca-a44b-4294-bf6f-8b5eaa3b4fc6,formal::SG2-24-0085::01/08/2024 13:00,r0069,SG2-24-0085,PUWI,SG2-24-0085,01/08/2024 13:00,,Edge seal- 0.75mm each side,r0069,,440.0,79.55,H23,Ti,,False,2026-05-12T06:46:01.154546+00:00,
2a934245-37f4-437e-83fc-39079fbeec23,formal::SG2-24-0087::06/08/2024 10:00,r0069,SG2-24-0087,PUWI,SG2-24-0087,06/08/2024 10:00,,"Edge seal- 0.75mm each side, MISSING CATHODE SPACERS",r0069,,440.0,79.55,H23,Ti,,False,2026-05-12T06:46:01.31957+00:00,
e4b1582a-3001-43bb-9981-d05a9ab692c8,formal::SG2-24-0091::14/08/2024 12:00,r0069,SG2-24-0091,PUWI,SG2-24-0091,14/08/2024 12:00,,"Edge seal- 0.75mm each side, MISSING CATHODE SPACERS",r0069,,440.0,79.55,H23,Ti,,False,2026-05-12T06:46:01.475795+00:00,
6657fa90-a26b-49be-b4e9-f6895322d78d,formal::SG2-24-0095::02/09/2024 14:00,r0069,SG2-24-0095,PUWI,SG2-24-0095,02/09/2024 14:00,,"Edge seal- 0.75mm each side, 2mm cathode spacers",r0069,,440.0,79.55,H23,Ti,,False,2026-05-12T06:46:01.643064+00:00,
742358cb-5a0d-4814-92c0-fc38daf10bf9,formal::SG2-24-0101::12/09/2024 13:00,r0069,SG2-24-0101,ALAR,SG2-24-0101,12/09/2024 13:00,Pulsing,5.2P 30 min ON : 9 s OFF 1.68 mL/s per cell,r0069,,440.0,109.1,H23,Ti,Pulsing,False,2026-05-12T06:46:01.802803+00:00,
ca17150b-26bf-434e-9eb9-91153c838489,formal::SG2-24-0103::09/10/2024 16:00,r0069,SG2-24-0103,ALAR,SG2-24-0103,09/10/2024 16:00,Pulsing,4.5 P 30 min ON : 25 s OFF 0.6 mL/s,r0069,,440.0,109.1,H23,Ti,Pulsing,False,2026-05-12T06:46:01.971413+00:00,
3cf2adb3-7d5e-4132-956c-2c9e188ca042,formal::r0069::16/10/2024,r0069,r0069,LACH,,16/10/2024,post mortem,,r0069,,440.0,109.1,H23,Ti,,False,2026-05-12T06:46:02.129256+00:00,
3b4d5e3b-14cf-447f-9e2b-5254c50d5e91,formal::SG2-24-0122::02/12/2024,r0069,SG2-24-0122,PUWI,SG2-24-0122,02/12/2024,compliant layer,,r0069,,440.0,109.1,H23,Ti,,False,2026-05-12T06:46:02.286824+00:00,
cbc32761-8f16-45ae-936c-af8ffdef7b63,formal::SG2-24-0124::05/12/2024 22:30,r0069,SG2-24-0124,PUWI,SG2-24-0124,05/12/2024 22:30,compliant layer,,r0069,,440.0,109.1,H23,Ti,,False,2026-05-12T06:46:02.449544+00:00,
2093e1b6-1308-4fcb-937e-e8c694ff1c87,formal::SG2-25-08::29/01/2025 15:00,r0069,SG2-25-08,LACH,SG2-25-08,29/01/2025 15:00,,,r0069,,440.0,109.1,H23,Ti,,False,2026-05-12T06:46:02.622765+00:00,
8b1747b2-cebb-410b-84ee-8259510c5943,formal::SG2-25-09::07/02/2025 10:00,r0069,SG2-25-09,PUWI,SG2-25-09,07/02/2025 10:00,,1 layer PTFE coated sintered plates,r0069,,440.0,109.1,H23,Ti,,False,2026-05-12T06:46:02.782826+00:00,
5470d3d8-d390-44ab-bd64-b0d1bb8e3365,formal::SG2-25-15::10/03/2025,r0069,SG2-25-15,PUWI,SG2-25-15,10/03/2025,,IG-11 porous carbon plate,r0069,,440.0,109.1,H23,Ti,,False,2026-05-12T06:46:02.943982+00:00,
02f69805-792a-4f15-b28c-27d98f8af1d3,formal::SG2-25-14::24/02/2025 11:30,r0069,SG2-25-14,PUWI,SG2-25-14,24/02/2025 11:30,,,r0056,,440.0,79.55,H23,Ti,standard,False,2026-05-12T06:46:03.102294+00:00,
0f3d2c92-115b-41ed-8f13-878af771d4e8,formal::SG2-25-20::12/03/2025 11:30,r0069,SG2-25-20,PUWI,SG2-25-20,12/03/2025 11:30,,ISEM-1 porous carbon plate,r0069,,440.0,109.1,H23,Ti,,False,2026-05-12T06:46:03.265841+00:00,
e98ee337-6f5c-45de-90f8-b317eb02c189,formal::SG2-25-30::24/03/2025 10:30,r0069,SG2-25-30,PUWI,SG2-25-30,24/03/2025 10:30,,ISEM-1 porous carbon plate rebuild,r0069,,440.0,109.1,H23,Ti,,False,2026-05-12T06:46:03.426107+00:00,
599719cb-e509-498f-aade-5f2cba0453cc,formal::r0069::14/04/2025 13:00,r0069,r0069,PUWI,,14/04/2025 13:00,,MEA with new ti felt,r0069,,440.0,109.1,H23,Ti,,False,2026-05-12T06:46:03.587135+00:00,
028a5269-1073-4990-8825-fb15b21fe8af,formal::SG2-25-60::05/05/2025 11:00,r0069,SG2-25-60,PUWI,SG2-25-60,05/05/2025 11:00,,"Cleaned Gaskets, Meshes, CC, sonicated inserts",r0069,,440.0,109.1,H23,Ti,,False,2026-05-12T06:46:03.752406+00:00,
76cd30dd-cb49-4683-8c80-18f254dfe423,formal::SG2-25-68::09/05/2025 18:00,r0069,SG2-25-68,PUWI,SG2-25-68,09/05/2025 18:00,,"Cleaned Meshes, CC, gaskets. Sonicated inserts",r0069,,440.0,109.1,H23,Ti,,False,2026-05-12T06:46:03.912602+00:00,
236a69a4-f83c-47fa-b315-e7dda8ed8280,formal::SG2-25-64::13/05/2025 17:30,r0069,SG2-25-64,PUWI,SG2-25-64,13/05/2025 17:30,,"Sonicated IG-110, cleaned gaskets, sonicated, inserts, cleaned cc, meshes, end plates",r0069,,440.0,109.1,H23,Ti,,False,2026-05-12T06:46:04.076785+00:00,
b61ff579-2e73-45e2-907d-72f0ca96c95d,formal::SG2-25-82::02/06/2025 15:30,r0069,SG2-25-82,ALAR / RARA,SG2-25-82,02/06/2025 15:30,,"Sonicated IG-110, cleaned gaskets, sonicated, inserts, cleaned cc, meshes, end plates",r0069,,440.0,79.5,H23,Ti,Standard,False,2026-05-12T06:46:04.244708+00:00,
6d1f6a4a-f32f-4722-864f-81ad570a1b5e,formal::SG2-25-93::24/06/2025 17:00,r0069,SG2-25-93,PUWI,SG2-25-93,24/06/2025 17:00,,"All cleaned parts, sonicated IG100",r0069,,440.0,79.5,H23,Ti,Standard,False,2026-05-12T06:46:04.413769+00:00,
fedf37ee-84e6-4437-975b-79f414e41eb5,formal::SG2-25-102::14/07/2025 11:00,r0069,SG2-25-102,PUWI,SG2-25-102,14/07/2025 11:00,,"All cleaned parts, sonicated IG100, V24.4 gaskets",r0069,,440.0,79.5,H23,Ti,Standard,False,2026-05-12T06:46:04.581854+00:00,
895b71b5-664d-4548-8dc1-30221a9b9376,formal::SG2-25-51::11/08/2025 11:00,r0069,SG2-25-51,PUWI,SG2-25-51,11/08/2025 11:00,,,r0069,,440.0,79.5,H23,Ti,Standard,False,2026-05-12T06:46:04.751132+00:00,
3256de5a-dbfb-447d-9e34-0df18aabed1b,formal::s0146_run00,s0146,3 cell stack Gen 2,,3 cell stack Gen 2,,,,,,480.0,110.0,H23,Ti,,False,2026-05-12T06:46:04.909827+00:00,
f6d11452-42b1-4e2a-a985-1e02f58e8fc0,formal::SG2-23-0007::09/03/2023,s0146,SG2-23-0007,ELGO,SG2-23-0007,09/03/2023,Fumatech,3,,,440.0,79.55,H23,Ti,,False,2026-05-12T06:46:05.079835+00:00,
0e20999f-09e8-49e5-a256-7a7673926978,informal::s0146_run02,s0146,s0146,,,,Gas flow reduction,,,,440.0,79.55,H23,Ti,,True,2026-05-12T06:46:05.245399+00:00,
d33a678b-1989-419e-9048-1a5fc9ed6c96,formal::s0146::26/04/2023,s0146,s0146,LACH,,26/04/2023,MEAs diagnosis,1,,,440.0,79.55,H23,Ti,,False,2026-05-12T06:46:05.40692+00:00,
8ee5dab3-8761-46b6-a70a-97d01fc8d1ae,formal::s0146::01/05/2023,s0146,s0146,LACH,,01/05/2023,Coated Ti plate (Anode),1,,,440.0,79.55,H23,Ti,,False,2026-05-12T06:46:05.563809+00:00,
6dddd8df-7194-45a4-b728-ad9906ebe825,formal::s0146::15/05/2023,s0146,s0146,LACH,,15/05/2023,Coated Ti plate (Anode),1,,,440.0,79.55,H23,Ti,,False,2026-05-12T06:46:05.73133+00:00,
43b2a161-d907-4c06-b077-52371f2bc315,formal::s0146::31/05/2023,s0146,s0146,LACH,,31/05/2023,Idling,1,,,440.0,110.0,H23,Ti,,False,2026-05-12T06:46:05.89396+00:00,
74eee380-11b1-4f6c-8258-f0b6aeb40502,formal::s0146::05/06/2023,s0146,s0146,LACH,,05/06/2023,Idling,1,,,440.0,110.0,H23,Ti,,False,2026-05-12T06:46:06.074076+00:00,
5f624b33-8269-448a-bcc7-53409d0e5f6e,formal::s0146::29/06/2023,s0146,s0146,LACH/ELGO,,29/06/2023,Idling,1,,,440.0,79.55,H23,Ti,,False,2026-05-12T06:46:06.399096+00:00,
545baae3-0d03-4b32-9794-51165ffc01cc,formal::s0146::12/07/2023,s0146,s0146,ELGO,,12/07/2023,idling,1,,,440.0,79.55,H23,Ti,,False,2026-05-12T06:46:06.558774+00:00,
bef2ef93-281b-44b5-a91a-5a077488cf8e,formal::s0146::17/07/2023,s0146,s0146,ELGO,,17/07/2023,idling,1,,,440.0,79.55,H23,Ti,,False,2026-05-12T06:46:06.720099+00:00,
3e3b03ca-c25f-454c-ba96-c13c9778abd8,formal::s0146::21/07/2023,s0146,s0146,ELGO,,21/07/2023,idling,1,,,440.0,79.55,H23,Ti,,False,2026-05-12T06:46:06.884165+00:00,
52504c6f-797b-4bb6-9ca2-7231f9a0fd95,formal::s0146::27/07/2023,s0146,s0146,ELGO,,27/07/2023,idling,1,,,440.0,79.55,H23,Ti,,False,2026-05-12T06:46:07.044548+00:00,
977bdcf0-cff5-4c4a-8b78-deaa9ead21fd,formal::s0146::1/8/23,s0146,s0146,ELGO,,1/8/23,,1,,,440.0,79.55,H23,Ti,,False,2026-05-12T06:46:07.203459+00:00,
70cd8d75-aa37-45de-b515-5b6d1ffd7d60,formal::s0146::3/8/23,s0146,s0146,ELGO,,3/8/23,,1,,,440.0,79.55,H23,Ti,,False,2026-05-12T06:46:07.359235+00:00,
cdec3e82-7874-40ad-9c51-06e54deca76a,formal::r0067::04/12/2025,r0067,r0067,PUWI,,04/12/2025,C plate,,r0067,,440.0,,,,,False,2026-05-12T06:46:00.344174+00:00,
9201a510-8bc4-4a20-8dd1-d88f70f5617d,formal::r0067::16/01/2026,r0067,r0067,PUWI,,16/01/2026,C plate,,r0067,,440.0,,,,,False,2026-05-12T06:46:00.50154+00:00,
4210b27a-a184-4f0e-afd7-3d58c2bc7c22,formal::s0146::9/8/23,s0146,s0146,ELGO,,9/8/23,,1,,,440.0,79.55,H23,Ti,,False,2026-05-12T06:46:07.523895+00:00,
c0d62778-52cb-4892-85a5-1a923061e772,formal::s0146::10/8/23,s0146,s0146,RARA,,10/8/23,idling,1,s0146,,440.0,79.55,H23,Ti,standard,False,2026-05-12T06:46:07.681674+00:00,
2948245b-addd-4058-985d-7411e4b3a78b,informal::s0146_run18,s0146,s0146,,,,idling,,s0146,,440.0,79.55,H23,Ti,standard,True,2026-05-12T06:46:07.841656+00:00,
e5e7455e-ee03-4db0-8400-b6f6ea18bcb5,formal::s0146::28/8/23,s0146,s0146,ELGO,,28/8/23,idling,1,s0146,,440.0,79.55,H23,Ti,standard,False,2026-05-12T06:46:08.005315+00:00,
4c996b3e-53a1-4f43-abf3-ab6ca1812a16,formal::s0146_run20,s0146,s0146,ELGO,,,idling,1,s0146,,440.0,79.55,H23,Ti,standard,False,2026-05-12T06:46:08.168145+00:00,
a9eb0b9a-b173-4adb-88a9-00ddb63f9d5f,formal::SG2-23-0024::9/10/23,s0146,SG2-23-0024,ALAR,SG2-23-0024,9/10/23,idling,1,s0146,,440.0,79.55,H23,Ti,standard,False,2026-05-12T06:46:08.333218+00:00,
a3673f89-a368-4516-a916-f5b0bf31ffe2,formal::SG2-23-0024::26/10/23,s0146,SG2-23-0024,LACH,SG2-23-0024,26/10/23,idling,1,s0146,,440.0,79.55,H23,Ti,standard,False,2026-05-12T06:46:08.497075+00:00,
b4e3f29f-da68-4bb9-b5cd-1051e661952c,formal::s0146::26/10/23,s0146,s0146,RARA,,26/10/23,idling,1,s0146,,440.0,79.55,H23,Ti,standard,False,2026-05-12T06:46:08.672708+00:00,
95e90749-78b8-49d7-8b59-36e76be0ff36,formal::SG2-24-0057::22/5/24,s0146,SG2-24-0057,ALAR,SG2-24-0057,22/5/24,Idling,3,s0146,,440.0,79.55,H23,Ti,standard,False,2026-05-12T06:46:08.832068+00:00,
ef69c6db-3055-4eff-803b-dac0c7a81695,formal::SG2-24-0064::19/06/2024 14:30:00,s0146,SG2-24-0064,ALAR,SG2-24-0064,19/06/2024 14:30:00,Idling,3,s0146,,440.0,79.55,H23,Ti,standard,False,2026-05-12T06:46:08.998509+00:00,
73127fa4-148e-43dd-81c3-9d6d7a712138,formal::SG2-25-27::25/03/2025 13:00:00,s0146,SG2-25-27,LACH,SG2-25-27,25/03/2025 13:00:00,GDL layers optimization,3,s0146,,440.0,,,,,False,2026-05-12T06:46:09.159509+00:00,
c7560b60-f41d-4a80-8a96-e7ca3d27e16c,formal::SG2-P-25-23::23/04/2025 14:00,s0146,SG2-P-25-23,PUWI,SG2-P-25-23,23/04/2025 14:00,Benchmark,3,s0146,,440.0,,,,,False,2026-05-12T06:46:09.328078+00:00,
9707a2c5-e0ba-434b-a2a2-f034b131d59f,formal::SG2-25-77::21/05/2025 13:30,s0146,SG2-25-77,LACH,SG2-25-77,21/05/2025 13:30,repeat of SG2-25-72,1,s0146,,440.0,,,,,False,2026-05-12T06:46:09.657814+00:00,
74d103f6-f455-48db-8299-fab4d9cf6eae,formal::SG2-25-81 (rebuild)::11/06/2025 14:00,s0146,SG2-25-81 (rebuild),LACH,SG2-25-81 (rebuild),11/06/2025 14:00,FE decline diagnostics,1,s0146,,440.0,,,,,False,2026-05-12T06:46:09.821049+00:00,
7ab55666-6023-4c17-a960-a070b6869296,formal::SG2-25-90::17/06/2025 14:00,s0146,SG2-25-90,LACH,SG2-25-90,17/06/2025 14:00,FE decline diagnostics,1,s0146,,440.0,,,,,False,2026-05-12T06:46:09.979932+00:00,
e9755bbc-7ca8-473c-9ea1-1ee4a0c8c280,formal::SG2-25-95::27/06/2025 13:00,s0146,SG2-25-95,LACH,SG2-25-95,27/06/2025 13:00,FE decline diagnostics,1,s0146,,440.0,,,,,False,2026-05-12T06:46:10.139496+00:00,
bfdb49bd-71ab-4d68-b831-7cf66069a0d4,formal::SG2-25-97::07/07/2025 17:00,s0146,SG2-25-97,LACH,SG2-25-97,07/07/2025 17:00,FE decline diagnostics,3,s0146,,440.0,,,,,False,2026-05-12T06:46:10.301576+00:00,
cb432d09-dfa3-4c6d-8163-a2f3d6fbfda5,formal::SG2-25-109::19/08/2025 11:00,s0146,SG2-25-109,LACH,SG2-25-109,19/08/2025 11:00,Carbon plate,1,s0146,,440.0,,,,,False,2026-05-12T06:46:10.472017+00:00,
b904c23f-e0b1-4ee1-9f43-ef13566ed296,formal::SG2-25-134::29/10/2025 14:00,s0146,SG2-25-134,LACH,SG2-25-134,29/10/2025 14:00,C plate,3,s0146,,440.0,,,,,False,2026-05-12T06:46:10.63618+00:00,
7578b0d1-cbc3-4f75-ba69-71314cc76bfd,formal::SG2-25-146::18/12/2025 13:00,s0146,SG2-25-146,LACH,SG2-25-146,18/12/2025 13:00,C plate,3,s0146,,440.0,,,,,False,2026-05-12T06:46:10.801111+00:00,
b100c6e3-af09-4ae0-b3f3-7f9cc86477e5,formal::s0146::17/12/2025 13:00,s0146,s0146,LACH,,17/12/2025 13:00,C plate,,r0060,,440.0,,,,,False,2026-05-12T06:46:10.960324+00:00,
6d6345a7-09aa-4007-a0d0-aa9b97ff08ea,formal::SG2-23-0017::18/07/2023,s0161,SG2-23-0017,RARA,SG2-23-0017,18/07/2023,,3,,,440.0,79.55,H23,Ti,,False,2026-05-12T06:46:11.130792+00:00,
676747a9-d14b-43c5-8dbf-1a6a558c7554,formal::SG2-24-0004::17/01/2024,s0161,SG2-24-0004,RARA/PUWI,SG2-24-0004,17/01/2024,Long term testing,7,,,440.0,79.55,H23,Ti,,False,2026-05-12T06:46:11.337272+00:00,
a337d4db-39c7-44ce-ae21-73dbc72c83fd,formal::SG2-24-0013::31/01/2024 16:30:00,s0161,SG2-24-0013,PUWI,SG2-24-0013,31/01/2024 16:30:00,Stack parts validation,1,,,440.0,79.55,H23,Ti,,False,2026-05-12T06:46:11.497593+00:00,
8eae664c-d01f-4244-825a-54c4f92aee70,formal::SG2-25-72::16/05/2025 16:00,s0161,SG2-25-72,LACH,SG2-25-72,16/05/2025 16:00,Stack parts validation,1,,,440.0,79.55,H23,Ti,,False,2026-05-12T06:46:11.653248+00:00,
2b1d7e90-4f3c-492e-a8ac-6b91b3602ddd,formal::SG2-25-72::03/06/2025 19:00,s0161,SG2-25-72,LACH,SG2-25-72,03/06/2025 19:00,,1,,,440.0,79.55,H23,Ti,,False,2026-05-12T06:46:11.823631+00:00,
7f5d46ae-3171-46eb-9205-e74982e8b068,formal::SG2-25-84 (Rebuild)::12/06/2025 16:00,s0161,SG2-25-84 (Rebuild),LACH,SG2-25-84 (Rebuild),12/06/2025 16:00,,1,,,440.0,79.55,H23,Ti,,False,2026-05-12T06:46:11.990671+00:00,
7d536cec-9b79-4bc8-9263-0d2558b816f5,formal::SG2-25-105::21/07/2025 17:00,s0161,SG2-25-105,LACH,SG2-25-105,21/07/2025 17:00,,1,,,440.0,79.55,H23,Ti,,False,2026-05-12T06:46:12.15477+00:00,
b13d7c96-ece1-4798-9dda-595eeb29b661,formal::SG2-25-110::20/08/2025 14:00,s0161,SG2-25-110,LACH,SG2-25-110,20/08/2025 14:00,carbon plates,3,,,,79.55,H23,Ti,,False,2026-05-12T06:46:12.324071+00:00,
e1c70d43-47b0-469c-bf51-bd866349d40f,formal::SG2-25-113::10/09/2025 14:00,s0161,SG2-25-113,LACH,SG2-25-113,10/09/2025 14:00,carbon plates,3,,,480.0,79.55,H23,Ti,,False,2026-05-12T06:46:12.485527+00:00,
7b996981-0ee7-4461-9a32-4af19486d4b3,formal::SG2-25-127::14/10/2025 17:00,s0161,SG2-25-127,LACH,SG2-25-127,14/10/2025 17:00,carbon plates,3,,,480.0,79.55,H23,Ti,,False,2026-05-12T06:46:12.646769+00:00,
f44cadd5-0127-4840-80cb-4054b39f6b3b,formal::r0052::19/12/2024 12:00,r0052,r0052,ALAR,,19/12/2024 12:00,S-doped catalyst,,r0052,,440.0,79.54545455,,,,False,2026-05-12T08:55:53.122666+00:00,
7c3ffbce-31ef-453c-bb22-2b266b12dac0,formal::r0052::24/03/2026 14:00,r0052,r0052,LACH,,24/03/2026 14:00,C plate,,r0052,,440.0,79.55,,,,False,2026-05-12T08:55:54.365254+00:00,
11da0c3a-eafb-4d48-bc06-52db887bbed6,formal::SG2-24-0089::09/08/2024 11:00,r0067,SG2-24-0089,PUWI,SG2-24-0089,09/08/2024 11:00,,2mm spacers- 0.75mm edge seal each side,r0067,,440.0,79.55,,Ti,,False,2026-05-12T08:55:54.871792+00:00,
0cc9d85e-a4c8-4e0a-be73-9cb13dcef306,formal::SG2-24-0124::05/12/2024 16:00,r0067,SG2-24-0124,PUWI,SG2-24-0124,05/12/2024 16:00,,10 stiffness cathode complaint layer,r0067,,440.0,79.55,,Ti,,False,2026-05-12T08:55:55.389302+00:00,
da4e3cd1-2a45-4b98-a3c8-5a9253d1e5c6,formal::r0067::04/12/2025 15:00,r0067,r0067,PUWI,,04/12/2025 15:00,C plate,,r0067,,440.0,,,,,False,2026-05-12T08:55:58.072835+00:00,
f847fcb0-4e17-42ca-90ff-d8147054a09e,formal::r0067::16/01/2026 12:00,r0067,r0067,PUWI,,16/01/2026 12:00,C plate,,r0067,,440.0,,,,,False,2026-05-12T08:55:58.230818+00:00,
2f1cce45-7eba-4d19-a0f9-82097c741388,formal::SG2-26-11::25/02/2026 12:00,s0161,SG2-26-11,LACH,SG2-26-11,25/02/2026 12:00,Cabinet level effects,3,,,480.0,79.55,H23,Ti,,False,2026-05-12T08:55:59.969502+00:00,
52cc3d2d-e1b1-49eb-b7dc-5188178f54cc,formal::r0052::03/03/2023,r0052,r0052,,,03/03/2023,,,,,480.0,110.0,H23,Ti,,False,2026-05-12T06:45:00.796721+00:00,
25cb0b60-609b-4deb-b15f-b07eb39f74a4,formal::r0052::22/02/2024,r0052,r0052,LACH,,22/02/2024,Stack building optimisation,1 gdl under sinter plate and 2.75 mm mesh + wavy Ti foil on anode,r0052,,440.0,79.55,,Ti,Standard,False,2026-05-12T06:45:01.154868+00:00,
4263fa5b-7c70-4468-a0a7-ece6324a2006,formal::SG2-24-0070::25/06/2024 12:00:00,r0067,SG2-24-0070,PUWI,SG2-24-0070,25/06/2024 12:00:00,,edge seal-1.5mm,r0067,,440.0,79.55,,Ti,,False,2026-05-12T06:45:57.019486+00:00,
ad152bfa-52cd-436f-91b9-11a15d976e1e,formal::SG2-25-P-0027::05/05/2025 17:00,r0067,SG2-25-P-0027,LACH,SG2-25-P-0027,05/05/2025 17:00,Benchmark,Diagnostics of fast FE decline,r0064,,440.0,102.2727273,H23,Ti,Pulsing,False,2026-05-12T06:45:58.848695+00:00,
713851e8-8519-4fe7-92d7-f57bf1166d28,formal::r0067::24/10/2025 16:00,r0067,r0067,ALAR,,24/10/2025 16:00,C plate,,r0067,,440.0,,,,,False,2026-05-12T06:46:00.178829+00:00,
706c5d93-6d67-4e0b-815b-83b16e08407e,formal::SG2-25-0061::03/06/2024 07:30:00,r0052,SG2-25-0061,ALAR,SG2-25-0061,03/06/2024 07:30:00,Idling,High current activation 200 h + Aggressive flushing 4h b/a idling,r0052,,440.0,79.55,,Ti,Standard,False,2026-05-12T06:45:01.342128+00:00,
cac5efd2-b387-4648-a106-0c24bcba39d8,formal::r0052::02/09/2024 16:00:00,r0052,r0052,ALAR,,02/09/2024 16:00:00,Pulsing,,r0052,,,109.0909091,,,,False,2026-05-12T06:45:01.510229+00:00,
982f48d3-7852-4420-b1bf-25943d7fe2be,formal::r0052::14/10/2024 15:00,r0052,r0052,ALAR,,14/10/2024 15:00,SS,,r0052,,,113.6363636,,,,False,2026-05-12T06:45:01.687675+00:00,
2161b47a-27b2-4707-87f0-216d04b8c8a1,formal::r0052::09/09/2025 14:00,r0052,r0052,PUWI,,09/09/2025 14:00,Porous carbon plate,,r0052,,440.0,79.55,,,,False,2026-05-12T06:45:01.879118+00:00,
3504aa60-d6ee-4b47-94c2-e4634040b438,formal::r0052::26/09/2025 11:00,r0052,r0052,PUWI,,26/09/2025 11:00,Porous carbon plate,,r0052,,440.0,79.55,,,,False,2026-05-12T06:45:02.059829+00:00,
27664f7b-7161-4a3e-9bfa-c9c01fee4540,formal::r0052::17/10/2025,r0052,r0052,LACH,,17/10/2025,C plate,,r0052,,440.0,79.55,,,,False,2026-05-12T06:45:02.232509+00:00,
552d5ca6-7ae1-40d3-b836-f7e827f22a49,formal::r0052::17/12/2025 14:00,r0052,r0052,RARA,,17/12/2025 14:00,C plate,,r0052,,440.0,79.55,,,,False,2026-05-12T06:45:02.413964+00:00,
9f2c4188-8789-4911-8ce5-11d4c144a91e,formal::r0052::08/01/2026 17:00,r0052,r0052,LACH,,08/01/2026 17:00,C plate,,r0052,,440.0,79.55,,,,False,2026-05-12T06:45:02.576017+00:00,
577aef3f-440a-4452-95bb-5577cd335ed3,formal::r0051::27/09/2022,r0051,r0051,RARA,,27/09/2022,High concentration,nafion 212 membrane effect,r0051,,480.0,110.0,H23,Ti,standard,False,2026-05-12T06:45:00.419588+00:00,
3b051a69-e849-42f1-a281-4e1406dfc4f9,formal::Gen2 3-c-s::25/07/2022,r0054,Gen2 3-c-s,ELGO,Gen2 3-c-s,25/07/2022,Gen2 stack validation,Gen2 stack validation,r0054,,480.0,110.0,H23,Ti,standard,False,2026-05-12T06:45:02.931291+00:00,
bd57b43f-37a0-4cfb-8a0b-8c4d96b81817,formal::r0054::12/12/2022,r0054,r0054,LACH,,12/12/2022,naf 212 validation,naf 212 validation,r0054,,440.0,80.0,H23,Ti,standard,False,2026-05-12T06:45:03.146259+00:00,
73a161d9-b4b2-437f-a94f-924fb29760b0,formal::SG2-23-003::26/01/2023,r0054,SG2-23-003,ELGO/RARA,SG2-23-003,26/01/2023,idling + cooling loop,idling + cooling loop,r0054,,440.0,80.0,H23,Ti,standard,False,2026-05-12T06:45:03.312798+00:00,
c4799ffb-9d60-4d92-8e17-babdd067c436,formal::r0054_run03,r0054,SG2-23-0004,ELGO,SG2-23-0004,,,emergency stack,r0054,,440.0,80.0,H23,Ti,standard,False,2026-05-12T06:45:03.478753+00:00,
e001e29c-8290-4e0a-ad55-a62bc21dd9e1,formal::r0054::16/02/2023,r0054,r0054,ELGO,,16/02/2023,Gen2 temperature effect,Water temperature influence in performance,r0054,,480.0,110.0,Same configuration as previous cell. New sintered Ti plate,Ti,standard,False,2026-05-12T06:45:03.648047+00:00,
f05a8548-077d-4c98-adb6-20388a306e61,formal::cell from compressed air experiment after 678 h in r0061::20/02/2023,r0054,cell from compressed air experiment after 678 h in r0061,ELGO,cell from compressed air experiment after 678 h in r0061,20/02/2023,single cell sanity check,sanity check,r0054,,480.0,110.0,,Ti,standard,False,2026-05-12T06:45:03.811193+00:00,
12388c14-aa15-44cd-bef5-2340398a8262,"formal::same cell as before, new gaskets, sintered plate and MEA::22/02/2023",r0054,"same cell as before, new gaskets, sintered plate and MEA",ELGO,"same cell as before, new gaskets, sintered plate and MEA",22/02/2023,Miele,Miele,r0054,,480.0,110.0,double membrane gasket,Ti,standard,False,2026-05-12T06:45:03.973084+00:00,
673437c7-db44-4318-8e2e-36a2815f7594,"formal::same cell as before, new gaskets of 1.5mm, sintered plate and MEA::24/02/2023",r0054,"same cell as before, new gaskets of 1.5mm, sintered plate and MEA",ELGO,"same cell as before, new gaskets of 1.5mm, sintered plate and MEA",24/02/2023,Miele,for Miele,r0054,,480.0,110.0,double membrane gasket,Ti,standard,False,2026-05-12T06:45:04.134398+00:00,
fa5ba1ac-73fe-4095-a0a7-fa8dacf5bed4,formal::r0054::27/02/2023,r0054,r0054,ELGO/RARA,,27/02/2023,Miele,for Miele,r0054,,480.0,110.0,brand new components,Ti,standard,False,2026-05-12T06:45:04.292784+00:00,
bb99944c-c1d0-40b1-9cdc-1a8349cfd66c,formal::r0054_run10,r0054,r0054,,,,,,r0054,,480.0,110.0,,Ti,standard,False,2026-05-12T06:45:04.619997+00:00,
f36285c6-2a0f-49b9-9c15-fa08860b17eb,formal::r0054::21/03/2023,r0054,r0054,RARA,,21/03/2023,Gas flow reduction,Gas flow reduction - baseline,r0054,,440.0,79.55,,Ti,standard,False,2026-05-12T06:45:04.780992+00:00,
6c8b014c-9b2f-4feb-9934-49198471bad7,informal::r0054_run12,r0054,r0054,,,,Gas flow reduction,,r0054,,440.0,79.55,brand new components,Ti,standard,True,2026-05-12T06:45:04.947405+00:00,
2c32d68c-6f4f-4198-8939-83c5cb99e1b3,informal::r0054_run13,r0054,r0054,,,,"Gas flow reduction, idling, higher current density",,r0054,,440.0,79.55,brand new components,Ti,standard,True,2026-05-12T06:45:05.107789+00:00,
18761669-b1a9-467f-853b-4b9bb322c498,formal::r0054::12/04/2024,r0054,r0054,LACH,,12/04/2024,"Gas flow reduction, idling, higher current density",7 cell stack long term 1 %,r0054,,440.0,79.55,,Ti,standard,False,2026-05-12T06:45:05.394976+00:00,
4b6cba0e-5a98-471e-8592-95acbde23c27,formal::SG2-RD-24-39::25/04/2024,r0054,SG2-RD-24-39,LACH,SG2-RD-24-39,25/04/2024,"Gas flow reduction, idling, higher current density",7 cell stack long term 1 %,r0054,,440.0,79.55,,Ti,standard,False,2026-05-12T06:45:05.572774+00:00,
98bbe141-c0e1-4a6f-a0c4-59459e399b81,formal::SG2-RD-24-0072::25/06/2024 09:00:00,r0054,SG2-RD-24-0072,PUWI,SG2-RD-24-0072,25/06/2024 09:00:00,Edge seal,Edge seal test control,r0054,,440.0,79.55,,Ti,standard,False,2026-05-12T06:45:05.732207+00:00,
5154237c-d82f-46f0-b631-8f22f67c769f,formal::SG2-RD-24-0092::22/08/2024 10:00:00,r0054,SG2-RD-24-0092,ALAR,SG2-RD-24-0092,22/08/2024 10:00:00,,,r0054,,440.0,79.55,QZL stack,Ti,standard,False,2026-05-12T06:45:05.894021+00:00,
e4c9a225-7e2d-4f37-8e10-fbd4d301e162,formal::r0054::30/08/2024 14:00,r0054,r0054,ALAR,,30/08/2024 14:00,Pulsing,,r0054,,440.0,109.09,,,,False,2026-05-12T06:45:06.054662+00:00,
503ab6c0-c1dd-4af8-a5a3-6eee8b39bf3e,formal::r0054::30/10/2024 12:00,r0054,r0054,RARA,,30/10/2024 12:00,,,r0054,,440.0,109.09,,,,False,2026-05-12T06:45:06.215129+00:00,
518519a1-73a1-49dc-8ab5-e61918b0d064,formal::r0054::19/12/2024 13:00,r0054,r0054,RARA,,19/12/2024 13:00,Start-stop study,,r0054,,440.0,109.09,,,,False,2026-05-12T06:45:06.376328+00:00,
3970649b-157f-41fd-ba45-ea0877c6b434,formal::r0054::09/01/2025 12:00,r0054,r0054,LACH,,09/01/2025 12:00,Start-stop study,,r0054,,440.0,109.09,,,,False,2026-05-12T06:45:06.542212+00:00,
96e0c111-460a-455c-9600-7cb7c2f3a07d,formal::r0054::27/01/2025 16:00,r0054,r0054,LACH,,27/01/2025 16:00,benchmark,,r0054,,440.0,109.09,,,,False,2026-05-12T06:45:06.721075+00:00,
8c5737a6-ded3-40b2-ba27-36d18af0cb34,formal::r0054::04/02/2025 16:00,r0054,r0054,LACH,,04/02/2025 16:00,benchmark,,r0054,,440.0,109.09,,,,False,2026-05-12T06:45:06.893903+00:00,
1ea69133-6442-47b0-8128-6994be82a0df,formal::r0054::17/02/2025 14:00,r0054,r0054,LACH,,17/02/2025 14:00,benchmark,,r0054,,440.0,109.09,,,,False,2026-05-12T06:45:07.056959+00:00,
fdeb73de-963e-4bba-bce8-115aac16a517,formal::r0054::03/03/2025 13:00,r0054,r0054,LACH,,03/03/2025 13:00,benchmark,,r0054,,440.0,109.09,,,,False,2026-05-12T06:45:07.219018+00:00,
1447d132-c1a3-4d54-8823-9e253c23f326,formal::r0055::21/07/2022,r0055,r0055,ELGO,,21/07/2022,Verification,Valia's stack,r0055,,480.0,110.0,H23,Ti,standard,False,2026-05-12T06:45:07.378406+00:00,
c0380bb5-05e8-4ca8-ab58-ce720722995a,formal::r0055::20/07/2022,r0055,r0055,ELGO,,20/07/2022,Temperature test,Thermocouples,r0055,,480.0,110.0,H23,Ti,standard,False,2026-05-12T06:45:07.561219+00:00,
8d72b021-1ccc-463d-bfe7-20ef9c19948a,formal::STK-RD-22-009::13/10/2022,r0055,STK-RD-22-009,ELGO,STK-RD-22-009,13/10/2022,Gas flow,gas flow influence in performance,r0055,,480.0,110.0,H23,Ti,standard,False,2026-05-12T06:45:07.724665+00:00,
8d40aa5c-df19-475c-9b64-89e83e28a885,formal::r0052::23/02/2026 13:00,r0052,r0052,LACH,,23/02/2026 13:00,C plate,,r0052,,440.0,79.55,,,,False,2026-05-12T06:45:02.754244+00:00,
6128370a-d232-4ec1-892b-1fd4213acb4a,formal::r0052::21/11/2022,r0052,r0052,LACH,,21/11/2022,,,,,480.0,110.0,H23,Ti,,False,2026-05-12T06:45:00.596334+00:00,
5f6bf062-c59b-4a6d-b2a1-d9bd90532df7,formal::r0052::20/03/2023,r0052,r0052,,,20/03/2023,,,,,440.0,79.55,H23,Ti,,False,2026-05-12T06:45:00.961998+00:00,
7c05224a-7cf5-4125-820a-0f3b0534785e,formal::STK-RD-22-009::27/10/2022,r0055,STK-RD-22-009,ELGO,STK-RD-22-009,27/10/2022,Gas flow,Water temperature influence in performance,r0055,,480.0,110.0,H23,Ti,standard,False,2026-05-12T06:45:07.889879+00:00,
fa654c4e-00ce-4ee9-b7d2-7fc2da2926f2,informal::r0055_run04,r0055,r0055,,,,Gas flow,,r0055,,480.0,110.0,H23,Ti,standard,True,2026-05-12T06:45:08.054741+00:00,
d52d8039-65e0-402a-aded-99b2ef426446,formal::r0055::09/11/2022,r0055,r0055,ELGO,,09/11/2022,Gen2 temperature effect,Water temperature influence in performance,r0055,,480.0,110.0,H23,Ti,standard,False,2026-05-12T06:45:08.214556+00:00,
5aae3286-ac35-4b1c-b323-8d0787422d33,informal::r0055_run06,r0055,r0055,,,,Gen2 temperature effect,,r0055,,480.0,110.0,H23,Ti,standard,True,2026-05-12T06:45:08.3949+00:00,
c7e11c69-5761-4893-b5ad-105888aa791b,formal::r0055::15/12/2022,r0055,r0055,ELGO,,15/12/2022,Gen2 temperature effect,Water temperature influence in performance,r0055,,480.0,110.0,H23,Ti,standard,False,2026-05-12T06:45:08.575571+00:00,
a3dd3ef7-3224-493e-be2d-1f7255fce3ca,formal::r0055::03/01/2023,r0055,r0055,ELGO,,03/01/2023,Gen2 temperature effect,"Water temperature influence in performance, std 5GDLs",r0055,,480.0,110.0,H23,Ti,standard,False,2026-05-12T06:45:08.743491+00:00,
567dcbeb-02e4-4f16-baa7-cc1e18006c97,formal::r0055::05/01/2023,r0055,r0055,ELGO,,05/01/2023,Gen2 temperature effect,Water temperature influence in performance,r0055,,480.0,110.0,H23,Ti,standard,False,2026-05-12T06:45:08.904751+00:00,
5fc45114-5a82-4dfd-a45f-13b035541010,formal::r0055::11/01/2023,r0055,r0055,ELGO,,11/01/2023,Gen2 temperature effect,Water temperature influence in performance,r0055,,480.0,110.0,H23,Ti,standard,False,2026-05-12T06:45:09.06266+00:00,
82be52dd-2b96-4919-b374-7e3533181773,formal::r0055::20/01/2023,r0055,r0055,ELGO,,20/01/2023,Gen2 temperature effect,Water temperature influence in performance,r0055,,480.0,110.0,H23,Ti,standard,False,2026-05-12T06:45:09.227869+00:00,
a52687b7-e483-45a2-b84a-e7a167d68b62,formal::r0055::26/01/2023,r0055,r0055,ELGO,,26/01/2023,Gen2 temperature effect,Water temperature influence in performance,r0055,,480.0,110.0,H23,Ti,standard,False,2026-05-12T06:45:09.388069+00:00,
679bf0fe-4922-4363-aabd-111e3b45eb1b,formal::r0055::31/01/2023,r0055,r0055,ELGO,,31/01/2023,Gen2 temperature effect,Water temperature influence in performance,r0055,,480.0,110.0,Same configuration as previous cell but less tightened,Ti,standard,False,2026-05-12T06:45:09.549459+00:00,
93dedfd4-7254-42bc-aabe-c674128eeb35,formal::r0055::08/02/2023,r0055,r0055,RARA,,08/02/2023,Gen2 temperature effect,Water temperature influence in performance,r0055,,480.0,110.0,Same configuration as previous cell. New sintered Ti plate,Ti,standard,False,2026-05-12T06:45:09.709979+00:00,
d2ca4ca4-e1f8-42f4-95d1-5251ed1e6dbb,formal::double membrane gasket::22/02/2023,r0055,double membrane gasket,ELGO,double membrane gasket,22/02/2023,T test,T test,r0055,,480.0,110.0,,Ti,standard,False,2026-05-12T06:45:09.871698+00:00,
b7cf2d62-d939-4391-92c3-7d6d8516c7fb,formal::r0055::28/02/2023,r0055,r0055,LACH,,28/02/2023,T test,FUMATECH TEST,r0055,,480.0,110.0,THE MEA was in 3 cell stack,Ti,standard,False,2026-05-12T06:45:10.045487+00:00,
